{"total energy": -42.15393722, "HOMO-LUMO gap / eV": 3.42420965, "electronic energy": -42.66644314, "dipole / a.u.": [1.58811385, 0.15102517, 0.10429593], "partial charges": [-0.44064403, 0.313771, -0.11709822, 0.26374716, -0.43579488, -0.04157751, -0.07611827, 0.12264132, -0.04040152, 0.00246499, 0.08808852, -0.28316366, -0.05475989, -0.05087745, 0.06924531, 0.09007978, 0.06924516, 0.0547776, 0.08193474, 0.08193368, 0.06582879, 0.09365852, 0.07150918, 0.07150967], "atomic dipole moments": [[0.2190838, -0.05412311, 0.01199636], [0.069487, -0.01673331, 0.00381873], [-0.0307744, -0.00960577, -0.00223478], [-0.10109461, -0.01951433, -0.00695546], [-0.042179, 0.20715326, 0.0039683], [0.14208117, 0.14844194, 0.01363703], [-0.01381568, 0.03086359, 0.00011858], [-0.07720364, 0.07327435, -0.00249812], [0.13450187, -0.04989486, 0.00683303], [0.01536885, -0.05082543, -0.00065925], [-0.09299893, -0.12037222, -0.00966629], [-0.01433788, -0.30168524, -0.01052411], [-0.1024732, 0.14847781, -0.00168149], [0.06045604, -0.19145568, -0.00232189], [-0.06677419, 0.02468133, -0.10814691], [0.06184792, -0.11451057, 0.00022003], [-0.07983303, 0.01802794, 0.10032647], [0.15150512, 0.05627196, 0.01128561], [-0.03379306, -0.07745864, 0.10104232], [-0.02062108, -0.07074809, -0.10918233], [0.12270761, 0.03924241, 0.00894087], [-0.13176706, -0.00049196, -0.00826829], [0.05807369, 0.05780255, -0.09953552], [0.04498419, 0.05113483, 0.10946537]], "atomic quadrupole moments": [[-0.0353683, -0.01347173, -0.09048406, -0.01058578, -0.00777593, 0.12585236], [-0.20449965, 0.02503147, -0.18402592, -0.03652501, -0.01679156, 0.38852557], [0.03319825, 0.02450329, 0.00975461, 0.00558035, 0.00323121, -0.04295286], [-0.20659963, -0.04483073, -0.24715689, -0.04301483, -0.02528693, 0.45375652], [-0.10490099, -0.02117884, -0.0543306, -0.01730541, -0.00818453, 0.15923158], [0.13113601, 0.29885503, 0.09412379, 0.03204592, 0.02900685, -0.22525981], [0.00808757, -0.03729455, 0.01528728, 0.00078177, -0.00110219, -0.02337485], [0.05165012, -0.04243136, -0.30266829, -0.01393741, -0.0203728, 0.25101817], [0.03282746, 0.05697248, -0.13030486, -0.00224841, -0.00370785, 0.0974774], [-0.03741055, -0.12274129, -0.01652808, -0.00969628, -0.00996606, 0.05393863], [-0.19849214, 0.04719606, -0.18606622, -0.03518425, -0.01533714, 0.38455835], [-0.10229275, 0.02623455, -0.09602473, -0.01807923, -0.00779267, 0.19831748], [0.03522358, -0.26454839, 0.16803753, 0.00651397, -0.00471516, -0.20326111], [-0.15763357, -0.14801605, 0.3753524, -0.00094315, 0.00965879, -0.21771882], [-0.00981172, 0.01174942, -0.03065296, 0.04409804, -0.02017568, 0.04046468], [-0.00323096, -0.02325112, 0.06176129, 0.00273733, 0.00239049, -0.05853034], [0.0018057, 0.01236681, -0.03303893, -0.04834339, 0.01735435, 0.03123322], [0.02768679, -0.01202101, 0.01984221, 0.0043477, 0.00140681, -0.04752899], [-0.02555218, -0.00186573, -0.00170835, -0.03104529, -0.0433209, 0.02726053], [-0.0323548, -0.00884493, -0.00705417, 0.02285975, 0.04022253, 0.03940897], [0.06789517, 0.02850795, -0.01139816, 0.00874456, 0.00324684, -0.056497], [0.06611738, -0.01511498, -0.01079014, 0.0071528, 0.00048901, -0.05532724], [-0.03072365, 0.01076992, 0.00251599, -0.04526653, -0.03170627, 0.02820766], [-0.0410575, 0.00423384, -0.00146156, 0.03678406, 0.03040509, 0.04251906]], "number of molecular orbitals": 66, "number of electrons": 74, "number of unpaired electrons": 0, "orbital energies / eV": [-19.59389918, -19.57875538, -19.39906879, -19.04210757, -18.62119167, -18.59527701, -18.18095875, -17.80612875, -17.62189035, -17.39091866, -17.0041812, -16.68907964, -16.30933226, -16.08850511, -15.94024873, -15.51784151, -15.42092408, -15.18625061, -14.87199588, -14.62832258, -14.58188642, -14.32017801, -14.21766272, -13.88652342, -13.76665582, -13.7214055, -13.70684641, -13.47941061, -13.05739873, -12.90604276, -12.49223194, -11.86883215, -11.65213734, -11.39347287, -11.27299926, -10.98491909, -10.58143862, -7.15722897, -5.95496799, -5.57205362, -3.31597625, -1.19341194, 0.03660991, 0.6409142, 2.34621359, 2.58471868, 3.20776385, 3.5076256, 3.90219669, 3.96477698, 4.25016623, 4.47684442, 4.98848773, 5.42244898, 5.54567121, 5.57355676, 5.72005563, 6.23240148, 8.25461039, 9.0165694, 10.25549028, 11.99898876, 12.83314032, 15.83250421, 16.69696515, 18.91860694], "fractional occupation": [2.0, 2.0, 2.0, 2.0, 2.0, 2.0, 2.0, 2.0, 2.0, 2.0, 2.0, 2.0, 2.0, 2.0, 2.0, 2.0, 2.0, 2.0, 2.0, 2.0, 2.0, 2.0, 2.0, 2.0, 2.0, 2.0, 2.0, 2.0, 2.0, 2.0, 2.0, 2.0, 2.0, 2.0, 2.0, 2.0, 2.0, 0.0, 0.0, 0.0, 0.0, 0.0, 0.0, 0.0, 0.0, 0.0, 0.0, 0.0, 0.0, 0.0, 0.0, 0.0, 0.0, 0.0, 0.0, 0.0, 0.0, 0.0, 0.0, 0.0, 0.0, 0.0, 0.0, 0.0, 0.0, 0.0], "program call": "xtb /rds/general/user/hgt20/home/callum/QDESCP/Caffeine_rdkit_conf_1/Caffeine_rdkit_conf_1.xyz --acc 1 --gfn 2 --chrg 0 --uhf 0 --etemp 300 --input /rds/general/user/hgt20/home/callum/QDESCP/Caffeine_rdkit_conf_1/Caffeine_rdkit_conf_1_xtb.inp -P 1", "method": "GFN2-xTB", "xtb version": "6.7.1 (edcfbbe)",