{"total energy": -32.78363108, "HOMO-LUMO gap / eV": 3.74980333, "electronic energy": -33.24727024, "dipole / a.u.": [-0.22865614, -0.14563375, -0.96639102], "partial charges": [-0.4152257, 0.28039208, -0.14552235, -0.16309713, 0.06440803, -0.05527179, -0.05282704, 0.13986412, -0.3929825, -0.06834497, -0.04772318, 0.0552436, 0.07272696, 0.05642231, 0.17414983, 0.03156005, 0.05289417, 0.29973128, 0.03396394, 0.07963828], "atomic dipole moments": [[-0.03812392, -0.032554, -0.19258516], [0.03656535, -0.01029614, -0.0189677], [0.082566, -0.01125684, 0.01344943], [0.01960787, 0.00130567, 0.03442227], [-0.16290974, 0.02674322, -0.0160277], [-0.01297977, 0.00853172, 0.02551938], [0.00624701, 0.00690606, 0.03553239], [0.24334535, -0.04392387, 0.01316439], [-0.15201184, 0.05655262, 0.12242202], [0.00544083, -0.00564104, -0.02011498], [0.00151034, -0.01164751, -0.04889248], [-0.03930269, -0.11298101, -0.05369141], [-0.08208171, 0.03146491, 0.09897712], [-0.00465953, 0.09466459, -0.09085583], [-0.04479039, -0.01735177, -0.12031385], [-0.06354655, -0.01709225, -0.12997138], [0.07838839, -0.04236938, -0.12165842], [0.019079, 0.01328059, 0.07654185], [0.06306197, 0.01780317, 0.13187901], [-0.07680123, 0.04284894, 0.12580969]], "atomic quadrupole moments": [[-0.09893119, 0.04811342, 0.16516686, -0.00518651, -0.04990702, -0.06623567], [-0.20997916, 0.11626561, 0.4555211, -0.04029508, -0.14494694, -0.24554194], [0.17266989, -0.03224366, -0.13679656, 0.11797308, 0.0015624, -0.03587333], [0.02396964, -0.00835428, 0.00343806, -0.01847092, -0.00232107, -0.0274077], [0.03269583, 0.0547923, 0.28527433, -0.00246932, -0.14559376, -0.31797016], [-0.19778881, 0.11623885, 0.39673611, -0.03181061, -0.13919361, -0.1989473], [-0.21189512, 0.1311424, 0.40716005, 0.00690076, -0.14959938, -0.19526493], [0.16323985, 0.02845553, 0.24868488, 0.01544106, -0.16116657, -0.41192473], [0.09406888, -0.0306373, -0.05869594, 0.00062553, 0.00680214, -0.03537294], [-0.19110983, 0.11231043, 0.38653123, -0.03528943, -0.13693444, -0.19542139], [-0.20912015, 0.13398167, 0.4402364, -0.00939844, -0.1646301, -0.23111626], [-0.02691171, 0.02354579, 0.05636858, 0.00794102, 0.05447955, -0.02945687], [0.01400214, -0.0199776, -0.04423784, -0.05189905, 0.02358685, 0.03023571], [-0.034913, -0.00044394, 0.01774926, -0.00950342, -0.07045042, 0.01716374], [0.02860635, -0.01586584, -0.06461453, 0.01004412, 0.02018065, 0.03600817], [0.03290241, -0.01737226, -0.06241917, 0.00983713, 0.02051299, 0.02951676], [0.02667409, -0.0172298, -0.05561487, 0.00012202, 0.02067291, 0.02894077], [-0.0163384, 0.00159309, -0.08163101, 0.06871044, 0.02801426, 0.09796941], [0.03017438, -0.01541632, -0.05904227, 0.01322135, 0.01896907, 0.02886789], [0.03676378, -0.01734151, -0.05704484, 0.00794009, 0.01787498, 0.02028106]], "number of molecular orbitals": 53, "number of electrons": 58, "number of unpaired electrons": 0, "orbital energies / eV": [-19.33153628, -19.10557086, -18.19356372, -17.91361089, -17.59847911, -17.05950205, -17.00099978, -16.50547039, -16.41146614, -15.64871777, -15.35431551, -15.03160849, -14.94642162, -14.82555201, -14.39841645, -14.24595417, -13.60085219, -13.38870434, -13.37857963, -13.1672241, -13.10155306, -12.91653259, -12.91075722, -12.53447875, -11.76293452, -11.68462868, -11.13398887, -10.71503597, -10.08508117, -6.33527784, -6.17675559, -5.07217377, -2.33303794, 0.22683527, 1.90098343, 2.3484648, 3.4811747, 4.11602795, 4.1800257, 4.47591343, 4.99532973, 5.4213299, 5.67614106, 5.79416974, 6.14368351, 8.3925642, 10.60316668, 11.48983102, 12.17285928, 12.97723112, 17.10023495, 17.52826465, 18.45890757], "fractional occupation": [2.0, 2.0, 2.0, 2.0, 2.0, 2.0, 2.0, 2.0, 2.0, 2.0, 2.0, 2.0, 2.0, 2.0, 2.0, 2.0, 2.0, 2.0, 2.0, 2.0, 2.0, 2.0, 2.0, 2.0, 2.0, 2.0, 2.0, 2.0, 2.0, 0.0, 0.0, 0.0, 0.0, 0.0, 0.0, 0.0, 0.0, 0.0, 0.0, 0.0, 0.0, 0.0, 0.0, 0.0, 0.0, 0.0, 0.0, 0.0, 0.0, 0.0, 0.0, 0.0, 0.0], "program call": "xtb /rds/general/user/hgt20/home/callum/QDESCP/Paracetamol_rdkit_conf_1/Paracetamol_rdkit_conf_1.xyz --acc 1 --gfn 2 --chrg 0 --uhf 0 --etemp 300 --input /rds/general/user/hgt20/home/callum/QDESCP/Paracetamol_rdkit_conf_1/Paracetamol_rdkit_conf_1_xtb.inp -P 1", "method": "GFN2-xTB", "xtb version": "6.7.1 (edcfbbe)", "Wiberg matrix": [[0.0, 1.713, 0.0, 0.168, 0.0, 0.0, 0.0, 0.0, 0.0, 0.0, 0.0, 0.0, 0.0, 0.0, 0.0, 0.0, 0.0, 0.0, 0.0, 0.0], [1.713, 0.0, 0.978, 1.199, 0.0, 0.0, 0.0, 0.0, 0.0, 0.0, 0.0, 0.0, 0.0, 0.0, 0.0, 0.0, 0.0, 0.0, 0.0, 0.0], [0.0, 0.978, 0.0, 0.0, 0.0, 0.0, 0.0, 0.0, 0.0, 0.0, 0.0, 0.972, 0.983, 0.971, 0.0, 0.0, 0.0, 0.0, 0.0, 0.0], [0.168, 1.199, 0.0, 0.0, 1.067, 0.0, 0.0, 0.0, 0.0, 0.0, 0.0, 0.0, 0.0, 0.0, 0.937, 0.0, 0.0, 0.0, 0.0, 0.0], [0.0, 0.0, 0.0, 1.067, 0.0, 1.361, 0.0, 0.0, 0.0, 0.0, 1.374, 0.0, 0.0, 0.0, 0.0, 0.0, 0.0, 0.0, 0.0, 0.0], [0.0, 0.0, 0.0, 0.0, 1.361, 0.0, 1.469, 0.0, 0.0, 0.102, 0.0, 0.0, 0.0, 0.0, 0.0, 0.967, 0.0, 0.0, 0.0, 0.0], [0.0, 0.0, 0.0, 0.0, 0.0, 1.469, 0.0, 1.356, 0.0, 0.0, 0.105, 0.0, 0.0, 0.0, 0.0, 0.0, 0.968, 0.0, 0.0, 0.0], [0.0, 0.0, 0.0, 0.0, 0.0, 0.0, 1.356, 0.0, 1.068, 1.374, 0.0, 0.0, 0.0, 0.0, 0.0, 0.0, 0.0, 0.0, 0.0, 0.0], [0.0, 0.0, 0.0, 0.0, 0.0, 0.0, 0.0, 1.068, 0.0, 0.0, 0.0, 0.0, 0.0, 0.0, 0.0, 0.0, 0.0, 0.889, 0.0, 0.0], [0.0, 0.0, 0.0, 0.0, 0.0, 0.102, 0.0, 1.374, 0.0, 0.0, 1.451, 0.0, 0.0, 0.0, 0.0, 0.0, 0.0, 0.0, 0.966, 0.0], [0.0, 0.0, 0.0, 0.0, 1.374, 0.0, 0.105, 0.0, 0.0, 1.451, 0.0, 0.0, 0.0, 0.0, 0.0, 0.0, 0.0, 0.0, 0.0, 0.959], [0.0, 0.0, 0.972, 0.0, 0.0, 0.0, 0.0, 0.0, 0.0, 0.0, 0.0, 0.0, 0.0, 0.0, 0.0, 0.0, 0.0, 0.0, 0.0, 0.0], [0.0, 0.0, 0.983, 0.0, 0.0, 0.0, 0.0, 0.0, 0.0, 0.0, 0.0, 0.0, 0.0, 0.0, 0.0, 0.0, 0.0, 0.0, 0.0, 0.0], [0.0, 0.0, 0.971, 0.0, 0.0, 0.0, 0.0, 0.0, 0.0, 0.0, 0.0, 0.0, 0.0, 0.0, 0.0, 0.0, 0.0, 0.0, 0.0, 0.0], [0.0, 0.0, 0.0, 0.937, 0.0, 0.0, 0.0, 0.0, 0.0, 0.0, 0.0, 0.0, 0.0, 0.0, 0.0, 0.0, 0.0, 0.0, 0.0, 0.0], [0.0, 0.0, 0.0, 0.0, 0.0, 0.967, 0.0, 0.0, 0.0, 0.0, 0.0, 0.0, 0.0, 0.0, 0.0, 0.0, 0.0, 0.0, 0.0, 0.0], [0.0, 0.0, 0.0, 0.0, 0.0, 0.0, 0.968, 0.0, 0.0, 0.0, 0.0, 0.0, 0.0, 0.0, 0.0, 0.0, 0.0, 0.0, 0.0, 0.0], [0.0, 0.0, 0.0, 0.0, 0.0, 0.0, 0.0, 0.0, 0.889, 0.0, 0.0, 0.0, 0.0, 0.0, 0.0, 0.0, 0.0, 0.0, 0.0, 0.0], [0.0, 0.0, 0.0, 0.0, 0.0, 0.0, 0.0, 0.0, 0.0, 0.966, 0.0, 0.0, 0.0, 0.0, 0.0, 0.0, 0.0, 0.0, 0.0, 0.0], [0.0, 0.0, 0.0, 0.0, 0.0, 0.0, 0.0, 0.0, 0.0, 0.0, 0.959, 0.0, 0.0, 0.0, 0.0, 0.0, 0.0, 0.0, 0.0, 0.0]], "Total energy": -32.783631078431, "Total charge": 0, "HOMO-LUMO gap": 3.7498, "HOMO": -10.0851, "LUMO": -6.3353, "atoms": ["O", "C", "C", "N", "C", "C", "C", "C", "O", "C", "C", "H", "H", "H", "H", "H", "H", "H", "H", "H"], "numbers": [1, 2, 3, 4, 5, 6, 7, 8, 9, 10, 11, 12, 13, 14, 15, 16, 17, 18, 19, 20], "Partial charge": [-0.415, 0.28, -0.146, -0.163, 0.064, -0.055, -0.053, 0.14, -0.393, -0.068, -0.048, 0.055, 0.073, 0.056, 0.174, 0.032, 0.053, 0.3, 0.034, 0.08], "Dipole module": 2.551, "Fermi-level": -8.2102, "Coord. numbers": [0.858, 2.745, 3.758, 2.697, 2.904, 2.926, 2.919, 2.845, 1.659, 2.92, 2.92, 0.925, 0.925, 0.925, 0.86, 0.925, 0.926, 0.805, 0.925, 0.926], "Disp. coeff. C6": [21.987, 22.253, 23.36, 24.528, 26.557, 29.373, 29.312, 24.946, 20.713, 29.703, 29.185, 2.256, 2.056, 2.241, 1.248, 2.564, 2.284, 0.722, 2.531, 1.983], "Polariz. alpha": [6.287, 7.724, 6.891, 7.356, 8.45, 8.888, 8.878, 8.186, 6.144, 8.937, 8.859, 2.349, 2.242, 2.341, 1.75, 2.504, 2.363, 1.334, 2.488, 2.202], "HOMO occup.": 2.0, "LUMO occup.": 0, "Total SASA": NaN, "Total disp. C6": 4614.818538, "Total disp. C8": 108981.634992, "Total polariz. alpha": 106.172222, "Total FOD": 0.0784, "FOD": [0.0103, 0.0076, 0.001, 0.0054, 0.0083, 0.0084, 0.0073, 0.0085, 0.0045, 0.0072, 0.0087, 0.0003, 0.0, 0.0003, 0.0, 0.0001, 0.0001, 0.0, 0.0001, 0.0002], "FOD s proportion": [0.0, 0.0, 0.0, 0.0, 0.0, 0.0, 0.0, 0.0, 0.0, 0.0, 0.0, 0.0, 0.0, 0.0, 0.0, 0.0, 0.0, 0.0, 0.0, 0.0], "FOD p proportion": [0.01, 0.008, 0.001, 0.005, 0.008, 0.008, 0.007, 0.008, 0.004, 0.007, 0.009, 0.0, 0.0, 0.0, 0.0, 0.0, 0.0, 0.0, 0.0, 0.0],