{"total energy": -32.78299803, "HOMO-LUMO gap / eV": 3.75667039, "electronic energy": -33.24667692, "dipole / a.u.": [-0.37257057, 2.03518156, 0.64705825], "partial charges": [-0.4131692, 0.28046036, -0.14553901, -0.1634171, 0.06464346, -0.05609754, -0.0696364, 0.13995791, -0.39192463, -0.05149833, -0.04699925, 0.05516918, 0.07285356, 0.05602253, 0.17338467, 0.02820987, 0.02871244, 0.29813203, 0.05807291, 0.08266253], "atomic dipole moments": [[-0.01465343, 0.18891374, 0.05962556], [-0.04126091, 0.00844422, 0.00695899], [-0.07742429, -0.03376965, -0.00155272], [-0.01075293, -0.03566065, -0.012581], [0.1575979, 0.05041776, 2.334e-05], [0.02049233, -0.01880493, -0.00671875], [2.414e-05, -0.01782045, -0.0050457], [-0.23623449, -0.07457283, -0.00159392], [0.10490641, 0.16981948, 0.03950374], [-0.01778838, 0.03374739, 0.01115773], [-0.0166633, 0.0473372, 0.01456967], [-0.00966178, 0.10493383, -0.07785121], [0.10659196, -0.07036445, -0.03537059], [0.01468741, 0.03992318, 0.12409083], [0.01139756, 0.12375198, 0.03585742], [0.02628493, 0.13845777, 0.03744633], [-0.10178527, 0.09981096, 0.03732814], [-0.04278026, 0.06371738, 0.021517], [-0.03602611, -0.14149919, -0.0372825], [0.11056486, -0.09913964, -0.03809271]], "atomic quadrupole moments": [[-0.104191, -0.01278405, -0.055263, 0.02833733, -0.07229325, 0.159454], [-0.21687475, -0.02626491, -0.21277655, 0.07269739, -0.21839976, 0.4296513], [0.10674287, 0.15209424, 0.02737436, 0.01976509, 0.03528481, -0.13411724], [0.03213498, -0.00423379, -0.03060334, -0.00347015, -0.00959253, -0.00153164], [-0.00841408, 0.09453819, -0.26536172, 0.05731504, -0.17740091, 0.2737758], [-0.20748505, -0.01446036, -0.18116912, 0.05236868, -0.17884534, 0.38865417], [-0.20814447, -0.00136228, -0.16658489, 0.05414627, -0.17080389, 0.37472936], [0.10881129, 0.15862846, -0.33879966, 0.06016325, -0.19388256, 0.22998837], [0.08124668, 0.04562285, -0.01773883, 0.00061652, 0.0100642, -0.06350785], [-0.21688552, -0.04616133, -0.20168962, 0.04606911, -0.18901955, 0.41857514], [-0.24801036, 0.00715453, -0.19673338, 0.06666371, -0.20105772, 0.44474375], [-0.0290009, -0.01675382, 0.03431141, 0.01024237, -0.06772183, -0.00531051], [0.04355478, -0.04657008, -0.0019475, -0.02661045, 0.02142581, -0.04160728], [-0.0327481, 0.00169553, -0.04323378, 0.00229886, 0.04027972, 0.07598189], [0.02793795, 0.00631967, 0.03339628, -0.00866487, 0.03169343, -0.06133423], [0.03276942, 0.00778548, 0.02894406, -0.00677458, 0.0277827, -0.06171348], [0.03777506, -0.00542943, 0.01986375, -0.0104336, 0.02508726, -0.05763881], [0.037252, -0.08304827, 0.03608119, -0.03392045, 0.04201432, -0.0733332], [0.02829873, 0.0039937, 0.02781423, -0.00676295, 0.0258184, -0.05611296], [0.03628648, 0.0091345, 0.02099634, -0.00614046, 0.02320143, -0.05728282]], "number of molecular orbitals": 53, "number of electrons": 58, "number of unpaired electrons": 0, "orbital energies / eV": [-19.33478944, -19.09595605, -18.19158846, -17.91395074, -17.59606614, -17.13210459, -16.86608735, -16.72067555, -16.12718971, -15.91484853, -15.19583474, -14.99575147, -14.9401144, -14.82682318, -14.48516837, -14.24644303, -13.56894822, -13.40498937, -13.3868956, -13.18968983, -13.06358701, -12.91854966, -12.90724017, -12.5246758, -11.76702555, -11.65412164, -11.12223171, -10.7075543, -10.08615071, -6.32948032, -6.17534586, -5.06760909, -2.33081941, 0.23186903, 1.98193003, 2.15328034, 3.43013536, 4.04787858, 4.16168216, 4.79974648, 5.04592581, 5.40155806, 5.68522281, 5.74396138, 6.04179597, 8.3894378, 10.55766482, 11.59165317, 12.17103874, 12.90072145, 17.12364806, 17.60503049, 18.43302494], "fractional occupation": [2.0, 2.0, 2.0, 2.0, 2.0, 2.0, 2.0, 2.0, 2.0, 2.0, 2.0, 2.0, 2.0, 2.0, 2.0, 2.0, 2.0, 2.0, 2.0, 2.0, 2.0, 2.0, 2.0, 2.0, 2.0, 2.0, 2.0, 2.0, 2.0, 0.0, 0.0, 0.0, 0.0, 0.0, 0.0, 0.0, 0.0, 0.0, 0.0, 0.0, 0.0, 0.0, 0.0, 0.0, 0.0, 0.0, 0.0, 0.0, 0.0, 0.0, 0.0, 0.0, 0.0], "program call": "xtb /rds/general/user/hgt20/home/callum/QDESCP/Paracetamol_rdkit_conf_2/Paracetamol_rdkit_conf_2.xyz --acc 1 --gfn 2 --chrg 0 --uhf 0 --etemp 300 --input /rds/general/user/hgt20/home/callum/QDESCP/Paracetamol_rdkit_conf_2/Paracetamol_rdkit_conf_2_xtb.inp -P 1", "method": "GFN2-xTB", "xtb version": "6.7.1 (edcfbbe)", "Wiberg matrix": [[0.0, 1.715, 0.0, 0.168, 0.0, 0.0, 0.0, 0.0, 0.0, 0.0, 0.0, 0.0, 0.0, 0.0, 0.0, 0.0, 0.0, 0.0, 0.0, 0.0], [1.715, 0.0, 0.977, 1.197, 0.0, 0.0, 0.0, 0.0, 0.0, 0.0, 0.0, 0.0, 0.0, 0.0, 0.0, 0.0, 0.0, 0.0, 0.0, 0.0], [0.0, 0.977, 0.0, 0.0, 0.0, 0.0, 0.0, 0.0, 0.0, 0.0, 0.0, 0.972, 0.983, 0.971, 0.0, 0.0, 0.0, 0.0, 0.0, 0.0], [0.168, 1.197, 0.0, 0.0, 1.067, 0.0, 0.0, 0.0, 0.0, 0.0, 0.0, 0.0, 0.0, 0.0, 0.938, 0.0, 0.0, 0.0, 0.0, 0.0], [0.0, 0.0, 0.0, 1.067, 0.0, 1.372, 0.0, 0.0, 0.0, 0.0, 1.362, 0.0, 0.0, 0.0, 0.0, 0.0, 0.0, 0.0, 0.0, 0.0], [0.0, 0.0, 0.0, 0.0, 1.372, 0.0, 1.451, 0.0, 0.0, 0.105, 0.0, 0.0, 0.0, 0.0, 0.0, 0.967, 0.0, 0.0, 0.0, 0.0], [0.0, 0.0, 0.0, 0.0, 0.0, 1.451, 0.0, 1.372, 0.0, 0.0, 0.102, 0.0, 0.0, 0.0, 0.0, 0.0, 0.967, 0.0, 0.0, 0.0], [0.0, 0.0, 0.0, 0.0, 0.0, 0.0, 1.372, 0.0, 1.068, 1.359, 0.0, 0.0, 0.0, 0.0, 0.0, 0.0, 0.0, 0.0, 0.0, 0.0], [0.0, 0.0, 0.0, 0.0, 0.0, 0.0, 0.0, 1.068, 0.0, 0.0, 0.0, 0.0, 0.0, 0.0, 0.0, 0.0, 0.0, 0.89, 0.0, 0.0], [0.0, 0.0, 0.0, 0.0, 0.0, 0.105, 0.0, 1.359, 0.0, 0.0, 1.469, 0.0, 0.0, 0.0, 0.0, 0.0, 0.0, 0.0, 0.967, 0.0], [0.0, 0.0, 0.0, 0.0, 1.362, 0.0, 0.102, 0.0, 0.0, 1.469, 0.0, 0.0, 0.0, 0.0, 0.0, 0.0, 0.0, 0.0, 0.0, 0.959], [0.0, 0.0, 0.972, 0.0, 0.0, 0.0, 0.0, 0.0, 0.0, 0.0, 0.0, 0.0, 0.0, 0.0, 0.0, 0.0, 0.0, 0.0, 0.0, 0.0], [0.0, 0.0, 0.983, 0.0, 0.0, 0.0, 0.0, 0.0, 0.0, 0.0, 0.0, 0.0, 0.0, 0.0, 0.0, 0.0, 0.0, 0.0, 0.0, 0.0], [0.0, 0.0, 0.971, 0.0, 0.0, 0.0, 0.0, 0.0, 0.0, 0.0, 0.0, 0.0, 0.0, 0.0, 0.0, 0.0, 0.0, 0.0, 0.0, 0.0], [0.0, 0.0, 0.0, 0.938, 0.0, 0.0, 0.0, 0.0, 0.0, 0.0, 0.0, 0.0, 0.0, 0.0, 0.0, 0.0, 0.0, 0.0, 0.0, 0.0], [0.0, 0.0, 0.0, 0.0, 0.0, 0.967, 0.0, 0.0, 0.0, 0.0, 0.0, 0.0, 0.0, 0.0, 0.0, 0.0, 0.0, 0.0, 0.0, 0.0], [0.0, 0.0, 0.0, 0.0, 0.0, 0.0, 0.967, 0.0, 0.0, 0.0, 0.0, 0.0, 0.0, 0.0, 0.0, 0.0, 0.0, 0.0, 0.0, 0.0], [0.0, 0.0, 0.0, 0.0, 0.0, 0.0, 0.0, 0.0, 0.89, 0.0, 0.0, 0.0, 0.0, 0.0, 0.0, 0.0, 0.0, 0.0, 0.0, 0.0], [0.0, 0.0, 0.0, 0.0, 0.0, 0.0, 0.0, 0.0, 0.0, 0.967, 0.0, 0.0, 0.0, 0.0, 0.0, 0.0, 0.0, 0.0, 0.0, 0.0], [0.0, 0.0, 0.0, 0.0, 0.0, 0.0, 0.0, 0.0, 0.0, 0.0, 0.959, 0.0, 0.0, 0.0, 0.0, 0.0, 0.0, 0.0, 0.0, 0.0]], "Total energy": -32.782998026948, "Total charge": 0, "HOMO-LUMO gap": 3.7567, "HOMO": -10.0862, "LUMO": -6.3295, "atoms": ["O", "C", "C", "N", "C", "C", "C", "C", "O", "C", "C", "H", "H", "H", "H", "H", "H", "H", "H", "H"], "numbers": [1, 2, 3, 4, 5, 6, 7, 8, 9, 10, 11, 12, 13, 14, 15, 16, 17, 18, 19, 20], "Partial charge": [-0.413, 0.28, -0.146, -0.163, 0.065, -0.056, -0.07, 0.14, -0.392, -0.051, -0.047, 0.055, 0.073, 0.056, 0.173, 0.028, 0.029, 0.298, 0.058, 0.083], "Dipole module": 5.51, "Fermi-level": -8.2078, "Coord. numbers": [0.858, 2.745, 3.758, 2.697, 2.904, 2.926, 2.918, 2.845, 1.659, 2.92, 2.921, 0.925, 0.925, 0.925, 0.86, 0.925, 0.925, 0.805, 0.926, 0.926], "Disp. coeff. C6": [21.946, 22.251, 23.361, 24.535, 26.552, 29.394, 29.735, 24.944, 20.692, 29.279, 29.167, 2.256, 2.054, 2.246, 1.252, 2.612, 2.605, 0.727, 2.221, 1.952], "Polariz. alpha": [6.281, 7.724, 6.891, 7.357, 8.449, 8.891, 8.942, 8.185, 6.141, 8.873, 8.856, 2.349, 2.241, 2.344, 1.753, 2.527, 2.524, 1.339, 2.331, 2.185], "HOMO occup.": 2.0, "LUMO occup.": 0, "Total SASA": NaN, "Total disp. C6": 4615.608142, "Total disp. C8": 108990.354665, "Total polariz. alpha": 106.182626, "Total FOD": 0.0782, "FOD": [0.0103, 0.0075, 0.001, 0.0054, 0.0082, 0.009, 0.0071, 0.0084, 0.0044, 0.0074, 0.0083, 0.0003, 0.0, 0.0003, 0.0, 0.0001, 0.0001, 0.0, 0.0001, 0.0003], "FOD s proportion": [0.0, 0.0, 0.0, 0.0, 0.0, 0.0, 0.0, 0.0, 0.0, 0.0, 0.0, 0.0, 0.0, 0.0, 0.0, 0.0, 0.0, 0.0, 0.0, 0.0], "FOD p proportion": [0.01, 0.007, 0.001, 0.005, 0.008, 0.009, 0.007, 0.008, 0.004, 0.007, 0.008, 0.0, 0.0, 0.0, 0.0, 0.0, 0.0, 0.0, 0.0, 0.0],