code_name,SMILES,Partial charge,Atom SASA,Buried volume,H bond H2O,Fukui+,Fukui-,Electrophil.,Normaliz. electrophil.,Normaliz. nucleophil.,HOMO-LUMO gap,HOMO,LUMO,IP,EA,Dipole module,SASA,G solv. in H2O,G of H-bonds H2O
Bifonazole,,"[0.1202, -0.0879, -0.017400000000000002, -0.0315, -0.031, -0.0175, -0.0244, -0.042100000000000005, -0.0379, -0.0378, -0.0371, -0.0408, -0.0323, -0.0373, -0.021500000000000002, -0.045700000000000005, -0.0361, -0.0366, -0.029500000000000002, -0.034, -0.0757, -0.0906, -0.0494, -0.0717, 0.0599, 0.051000000000000004, 0.049800000000000004, 0.0456, 0.0472, 0.0458, 0.0475, 0.046200000000000005, 0.05, 0.0507, 0.047, 0.048, 0.0471, 0.0492, 0.0489, 0.0395, 0.032600000000000004, 0.0398]","[0.0, 0.0, 0.49, 5.1101, 10.8503, 3.3701, 3.5701, 11.8503, 16.5104, 16.5704, 16.4304, 11.8703, 11.4503, 9.1902, 1.03, 9.2402, 15.9204, 16.2204, 15.5504, 6.0901, 8.1302, 20.8505, 28.7997, 14.1303, 8.54, 7.57, 14.57, 14.62, 22.4399, 22.4999, 22.4499, 14.67, 14.56, 16.14, 16.54, 22.4699, 22.4999, 22.4399, 7.33, 10.31, 23.1399, 19.17]","[None, None, None, None, None, None, None, None, None, None, None, None, None, None, None, None, None, None, None, None, None, None, None, None, None, None, None, None, None, None, None, None, None, None, None, None, None, None, None, None, None, None]","[0.0, 0.0, 0.0, 0.0, 0.0, 0.0, 0.0, 0.0, 0.0, 0.0, 0.0, 0.0, 0.0, 0.0, 0.0, 0.0, 0.0, 0.0, 0.0, 0.0, 0.0, 0.0, -0.06, 0.0, -0.04, -0.02, -0.03, -0.02, -0.03, -0.03, -0.03, -0.02, -0.03, -0.03, -0.03, -0.05, -0.04, -0.04, -0.01, -0.02, -0.02, -0.03]","[-0.004, -0.003, 0.042, 0.013000000000000001, 0.018000000000000002, 0.035, 0.029, 0.017, 0.016, 0.038, 0.017, 0.017, 0.016, 0.016, 0.017, 0.014, 0.018000000000000002, 0.024, 0.019, 0.015, -0.006, 0.006, 0.028, -0.001, 0.025, 0.032, 0.037, 0.033, 0.045, 0.051000000000000004, 0.046, 0.035, 0.039, 0.044, 0.027, 0.038, 0.042, 0.039, 0.031, -0.004, 0.022, 0.015]","[0.029, -0.007, 0.019, 0.008, 0.012, 0.021, 0.024, 0.015, 0.015, 0.033, 0.015, 0.014, 0.013000000000000001, 0.007, 0.008, 0.007, 0.01, 0.02, 0.011, 0.003, 0.016, 0.014, 0.11800000000000001, 0.006, 0.032, 0.024, 0.029, 0.028, 0.038, 0.042, 0.037, 0.027, 0.029, 0.026000000000000002, 0.019, 0.029, 0.033, 0.027, 0.008, 0.038, 0.053, 0.049]","[0.0023, -0.002, 0.0182, 0.0057, 0.008400000000000001, 0.016, 0.013800000000000002, 0.008400000000000001, 0.0082, 0.0184, 0.008400000000000001, 0.0085, 0.008, 0.007200000000000001, 0.0078000000000000005, 0.006, 0.0081, 0.0117, 0.0086, 0.0061, -0.00030000000000000003, 0.004, 0.025400000000000002, 0.0006000000000000001, 0.013300000000000001, 0.0152, 0.0178, 0.0159, 0.0217, 0.025, 0.022, 0.016800000000000002, 0.018500000000000003, 0.0201, 0.012700000000000001, 0.0184, 0.0199, 0.0183, 0.0126, 0.0032, 0.0148, 0.0119]","[-0.0038, -0.0029000000000000002, 0.039900000000000005, 0.012400000000000001, 0.0171, 0.0333, 0.027600000000000003, 0.0162, 0.0152, 0.0361, 0.0162, 0.0162, 0.0152, 0.0152, 0.0162, 0.013300000000000001, 0.0171, 0.0228, 0.0181, 0.0143, -0.0057, 0.0057, 0.026600000000000002, -0.001, 0.0238, 0.0304, 0.0352, 0.031400000000000004, 0.042800000000000005, 0.0485, 0.0437, 0.0333, 0.0371, 0.041800000000000004, 0.0257, 0.0361, 0.039900000000000005, 0.0371, 0.029500000000000002, -0.0038, 0.020900000000000002, 0.0143]","[-0.2159, 0.0521, -0.1414, -0.0596, -0.0893, -0.1563, -0.1787, -0.11170000000000001, -0.11170000000000001, -0.2457, -0.11170000000000001, -0.1042, -0.09680000000000001, -0.0521, -0.0596, -0.0521, -0.07440000000000001, -0.1489, -0.0819, -0.0223, -0.11910000000000001, -0.1042, -0.8785000000000001, -0.044700000000000004, -0.23820000000000002, -0.1787, -0.2159, -0.20850000000000002, -0.28290000000000004, -0.31270000000000003, -0.2755, -0.201, -0.2159, -0.19360000000000002, -0.1414, -0.2159, -0.2457, -0.201, -0.0596, -0.28290000000000004, -0.3946, -0.3648]",9.5588,-9.2337,0.3251,7.4447,0.053,5.0187,555.1842,-6.45,-0.64
Boscalid,,"[-0.1283, -0.054, 0.0502, -0.0184, -0.050800000000000005, -0.0315, -0.0349, -0.0279, -0.0177, -0.0187, -0.0318, -0.0526, -0.1378, 0.1287, -0.0459, -0.016800000000000002, -0.034300000000000004, 0.020800000000000003, -0.0357, -0.0229, -0.026500000000000003, -0.16440000000000002, 0.1874, 0.021500000000000002, 0.0461, 0.048600000000000004, 0.048600000000000004, 0.0509, 0.045700000000000005, 0.0431, 0.0455, 0.049800000000000004, 0.061200000000000004, 0.052500000000000005, 0.050300000000000004]","[20.7292, 2.8001, 0.46, 2.9601, 14.4903, 16.5804, 16.4404, 11.7403, 1.72, 1.15, 7.3902, 7.7102, 2.8401, 68.0699, 12.6903, 5.7201, 3.4301, 8.600200000000001, 16.9004, 18.8604, 19.2098, 6.5502, 53.7099, 4.66, 13.3, 22.509900000000002, 22.4799, 15.33, 13.61, 18.35, 18.98, 15.4, 6.26, 22.7399, 22.9799]","[None, None, None, None, None, None, None, None, None, None, None, None, None, None, None, None, None, None, None, None, None, None, None, None, None, None, None, None, None, None, None, None, None, None, None]","[-0.28, 0.0, 0.0, 0.0, 0.0, 0.0, 0.0, 0.0, 0.0, 0.0, 0.0, 0.0, 0.0, 0.0, 0.0, 0.0, 0.0, 0.0, 0.0, 0.0, -0.03, -0.02, 0.0, -0.34, -0.05, -0.07, -0.07, -0.05, -0.05, -0.09, -0.09, -0.07, -0.06, -0.19, -0.2]","[0.07, 0.024, 0.021, 0.01, 0.009000000000000001, 0.021, 0.021, 0.009000000000000001, 0.018000000000000002, 0.007, 0.005, 0.003, 0.019, 0.057, 0.011, 0.006, 0.041, 0.026000000000000002, 0.018000000000000002, 0.042, 0.062, 0.011, 0.078, 0.025, 0.024, 0.039, 0.039, 0.031, 0.016, 0.025, 0.032, 0.024, 0.041, 0.053, 0.063]","[0.046, 0.007, 0.021, 0.018000000000000002, 0.01, 0.025, 0.023, 0.01, 0.019, 0.025, 0.012, 0.013000000000000001, 0.018000000000000002, 0.162, 0.015, 0.014, 0.008, 0.004, 0.012, 0.006, 0.078, 0.001, 0.052000000000000005, 0.026000000000000002, 0.031, 0.042, 0.042, 0.03, 0.031, 0.036000000000000004, 0.039, 0.035, 0.016, 0.032, 0.043000000000000003]","[0.0398, 0.0123, 0.0128, 0.007, 0.0053, 0.013300000000000001, 0.013000000000000001, 0.0059, 0.0114, 0.0064, 0.0036000000000000003, 0.003, 0.0118, 0.046900000000000004, 0.007200000000000001, 0.0046, 0.0207, 0.0132, 0.0102, 0.0213, 0.0396, 0.0055000000000000005, 0.0444, 0.015, 0.015700000000000002, 0.0238, 0.0244, 0.0184, 0.0112, 0.016800000000000002, 0.0206, 0.015600000000000001, 0.0223, 0.030100000000000002, 0.036000000000000004]","[0.0886, 0.0304, 0.026600000000000002, 0.012700000000000001, 0.0114, 0.026600000000000002, 0.026600000000000002, 0.0114, 0.0228, 0.0089, 0.0063, 0.0038, 0.024, 0.0721, 0.013900000000000001, 0.0076, 0.0519, 0.0329, 0.0228, 0.053200000000000004, 0.0785, 0.013900000000000001, 0.09870000000000001, 0.0316, 0.0304, 0.0494, 0.0494, 0.0392, 0.020300000000000002, 0.0316, 0.0405, 0.0304, 0.0519, 0.0671, 0.07970000000000001]","[-0.34840000000000004, -0.053, -0.15910000000000002, -0.1363, -0.0757, -0.1894, -0.17420000000000002, -0.0757, -0.1439, -0.1894, -0.09090000000000001, -0.0985, -0.1363, -1.2271, -0.1136, -0.106, -0.0606, -0.0303, -0.09090000000000001, -0.0454, -0.5908, -0.0076, -0.39390000000000003, -0.19690000000000002, -0.2348, -0.3181, -0.3181, -0.2272, -0.2348, -0.2727, -0.2954, -0.2651, -0.1212, -0.2424, -0.3257]",9.216,-9.1756,0.040400000000000005,7.5748,0.7426,1.726,517.3521,-10.14,-1.6400000000000001
Caffeine,,"[-0.1867, -0.08020000000000001, 0.1182, -0.0704, -0.1882, -0.0941, 0.1101, -0.07250000000000001, -0.0614, 0.1486, -0.0347, -0.058800000000000005, -0.0969, -0.09330000000000001, 0.0626, 0.0659, 0.0659, 0.05, 0.0751, 0.0645, 0.0752, 0.0654, 0.0699, 0.0656]","[30.9888, 9.0502, 1.53, 8.4402, 28.9089, 17.1704, 1.38, 7.1902, 6.2901, 1.4100000000000001, 20.8105, 18.6998, 17.4404, 17.5304, 11.76, 18.34, 18.36, 19.57, 17.02, 18.04, 17.08, 18.98, 12.52, 18.94]","[None, None, None, None, None, None, None, None, None, None, None, None, None, None, None, None, None, None, None, None, None, None, None, None]","[-0.31, -0.06, 0.0, -0.05, -0.30000000000000004, 0.0, 0.0, -0.01, 0.0, 0.0, 0.0, -0.06, 0.0, 0.0, -0.15, -0.14, -0.14, -0.18, -0.18, -0.2, -0.18, -0.2, -0.16, -0.2]","[0.084, 0.009000000000000001, 0.044, 0.069, 0.146, -0.028, 0.049, 0.042, 0.022, 0.075, 0.054, 0.078, -0.031, -0.025, 0.022, 0.04, 0.04, 0.088, 0.04, 0.045, 0.04, 0.033, 0.033, 0.033]","[0.11, 0.002, 0.039, 0.009000000000000001, 0.11, -0.025, 0.094, 0.02, 0.049, 0.06, 0.025, 0.068, -0.026000000000000002, -0.03, 0.03, 0.041, 0.041, 0.067, 0.045, 0.043000000000000003, 0.045, 0.069, 0.045, 0.069]","[0.0408, 0.0034000000000000002, 0.0193, 0.0235, 0.0609, -0.0119, 0.0273, 0.0161, 0.013000000000000001, 0.032, 0.0204, 0.0337, -0.0135, -0.011600000000000001, 0.0108, 0.0178, 0.0178, 0.0366, 0.0183, 0.0199, 0.0183, 0.019200000000000002, 0.016300000000000002, 0.019200000000000002]","[0.0742, 0.008, 0.038900000000000004, 0.061, 0.129, -0.0247, 0.043300000000000005, 0.0371, 0.0194, 0.0663, 0.0477, 0.0689, -0.0274, -0.0221, 0.0194, 0.035300000000000005, 0.035300000000000005, 0.0777, 0.035300000000000005, 0.0398, 0.035300000000000005, 0.0292, 0.0292, 0.0292]","[-0.9183, -0.0167, -0.3256, -0.0751, -0.9183, 0.2087, -0.7847000000000001, -0.167, -0.4091, -0.5009, -0.2087, -0.5677, 0.21710000000000002, 0.2504, -0.2504, -0.3423, -0.3423, -0.5593, -0.37570000000000003, -0.359, -0.37570000000000003, -0.5760000000000001, -0.37570000000000003, -0.5760000000000001]",9.1747,-8.6047,0.5700000000000001,8.3483,-0.459,4.656,357.4495,-12.83,-2.55
Camptothecin,,"[-0.2084, -0.0728, 0.0015, 0.0026000000000000003, -0.0292, -0.0608, -0.08990000000000001, -0.1237, -0.0122, 0.0112, -0.0285, -0.129, -0.0502, -0.011300000000000001, 0.14100000000000001, -0.0519, -0.0454, -0.004200000000000001, -0.012400000000000001, 0.0095, -0.029300000000000003, -0.0207, -0.0345, -0.029, -0.023700000000000002, -0.0273, 0.062400000000000004, 0.050300000000000004, 0.0579, 0.051500000000000004, 0.0505, 0.055900000000000005, 0.0648, 0.074, 0.0551, 0.0771, 0.0775, 0.054900000000000004, 0.0471, 0.0495, 0.0494, 0.051000000000000004]","[34.2987, 8.1902, 3.5501, 1.78, 0.0, 19.9792, 2.4101, 15.3804, 4.0101, 20.4492, 6.2301, 35.2387, 10.6602, 6.5602, 1.4, 3.7101, 6.9202, 5.1101, 13.8603, 12.4099, 6.6402, 5.3501, 15.0104, 16.4304, 16.4004, 15.4904, 11.19, 11.93, 12.84, 9.86, 15.23, 22.0999, 14.75, 13.94, 7.19, 17.96, 17.86, 17.14, 18.31, 22.4399, 22.4499, 19.99]","[None, None, None, None, None, None, None, None, None, None, None, None, None, None, None, None, None, None, None, None, None, None, None, None, None, None, None, None, None, None, None, None, None, None, None, None, None, None, None, None, None, None]","[-0.52, -0.04, 0.0, 0.0, 0.0, -0.15, 0.0, 0.0, 0.0, -0.08, 0.0, -0.36, 0.0, 0.0, 0.0, 0.0, -0.01, 0.0, 0.0, -0.04, 0.0, 0.0, 0.0, 0.0, 0.0, 0.0, -1.8599999999999999, -0.06, -0.04, -0.03, -0.04, -0.08, -0.18, -0.18, -0.1, -0.22, -0.21, -0.08, -0.06, -0.08, -0.08, -0.11]","[0.057, 0.006, 0.046, 0.026000000000000002, 0.001, 0.006, -0.003, -0.007, 0.001, 0.022, -0.01, 0.042, 0.019, 0.026000000000000002, 0.034, -0.012, 0.029, 0.016, 0.032, 0.077, 0.008, 0.018000000000000002, 0.023, 0.03, 0.02, 0.028, 0.02, 0.004, 0.005, 0.008, 0.011, 0.015, 0.035, 0.028, 0.035, 0.035, 0.035, 0.049, 0.044, 0.051000000000000004, 0.048, 0.042]","[0.081, 0.006, 0.027, 0.011, 0.011, 0.033, -0.005, -0.01, 0.007, 0.039, -0.011, 0.081, 0.023, 0.017, 0.029, -0.011, 0.004, 0.016, 0.01, 0.075, 0.01, 0.02, 0.01, 0.019, 0.016, 0.009000000000000001, 0.026000000000000002, 0.025, 0.016, 0.02, 0.019, 0.029, 0.038, 0.035, 0.029, 0.034, 0.034, 0.042, 0.037, 0.037, 0.036000000000000004, 0.027]","[0.0438, 0.0044, 0.031900000000000005, 0.017, 0.0017000000000000001, 0.0067, -0.0024000000000000002, -0.0057, 0.0013000000000000002, 0.018000000000000002, -0.0077, 0.034, 0.0142, 0.0184, 0.0239, -0.009000000000000001, 0.0182, 0.011600000000000001, 0.0211, 0.0558, 0.006, 0.013300000000000001, 0.0158, 0.0204, 0.014100000000000001, 0.0188, 0.0151, 0.0046, 0.0051, 0.007, 0.0088, 0.0123, 0.0261, 0.021400000000000002, 0.024800000000000003, 0.0257, 0.0257, 0.0346, 0.0317, 0.0357, 0.0337, 0.029400000000000003]","[0.0937, 0.0099, 0.0756, 0.042800000000000005, 0.0016, 0.0099, -0.0049, -0.0115, 0.0016, 0.0362, -0.0164, 0.06910000000000001, 0.031200000000000002, 0.042800000000000005, 0.055900000000000005, -0.019700000000000002, 0.0477, 0.0263, 0.0526, 0.12660000000000002, 0.0132, 0.0296, 0.0378, 0.049300000000000004, 0.0329, 0.046, 0.0329, 0.0066, 0.0082, 0.0132, 0.0181, 0.0247, 0.057600000000000005, 0.046, 0.057600000000000005, 0.057600000000000005, 0.057600000000000005, 0.0806, 0.0724, 0.0839, 0.0789, 0.06910000000000001]","[-0.6186, -0.0458, -0.20620000000000002, -0.084, -0.084, -0.252, 0.038200000000000005, 0.07640000000000001, -0.053500000000000006, -0.2978, 0.084, -0.6186, -0.1757, -0.1298, -0.2215, 0.084, -0.030500000000000003, -0.1222, -0.07640000000000001, -0.5728, -0.07640000000000001, -0.1527, -0.07640000000000001, -0.1451, -0.1222, -0.0687, -0.1986, -0.19090000000000001, -0.1222, -0.1527, -0.1451, -0.2215, -0.2902, -0.26730000000000004, -0.2215, -0.2597, -0.2597, -0.32080000000000003, -0.2826, -0.2826, -0.27490000000000003, -0.20620000000000002]",7.1778,-8.8459,-1.6681,7.6371,1.4122,7.1025,542.6489,-16.45,-4.55
Cimetadine,,"[-0.08950000000000001, 0.0558, -0.052000000000000005, 0.0487, -0.0775, -0.21180000000000002, 0.3284, -0.21130000000000002, -0.0731, -0.038900000000000004, -0.15480000000000002, 0.0741, -0.0512, -0.0337, -0.0424, -0.1236, -0.17070000000000002, 0.0613, 0.0601, 0.0639, 0.0545, 0.019100000000000002, 0.0514, 0.0645, 0.0381, 0.0437, 0.031200000000000002, 0.041100000000000005, 0.064, 0.059300000000000005, 0.0611, 0.0683, 0.041800000000000004]","[17.4004, 5.6199, 7.5302, 5.1299, 3.4701, 6.2401, 27.1199, 4.1001, 3.7500999999999998, 5.3301, 15.1304, 8.1899, 24.8806, 23.2198, 6.5599, 22.9105, 53.0694, 22.7399, 22.8099, 4.93, 17.02, 3.39, 9.38, 16.41, 18.87, 16.21, 8.45, 12.53, 7.66, 19.81, 19.97, 22.4499, 22.9699]","[None, None, None, None, None, None, None, None, None, None, None, None, None, None, None, None, None, None, None, None, None, None, None, None, None, None, None, None, None, None, None, None, None]","[0.0, 0.0, -0.03, 0.0, 0.0, 0.0, 0.0, 0.0, 0.0, 0.0, 0.0, 0.0, 0.0, -0.07, 0.0, -0.04, -0.4, -0.16, -0.08, -0.03, -0.9500000000000001, -0.26, -0.03, -0.11, -0.16, -0.08, -0.02, -0.05, -0.05, -0.11, -0.09, -1.15, -0.04]","[-0.017, 0.031, 0.04, 0.025, -0.019, -0.018000000000000002, 0.185, -0.013000000000000001, 0.008, 0.034, -0.016, 0.038, 0.022, 0.041, 0.049, 0.021, 0.105, 0.028, 0.028, 0.011, 0.024, 0.015, 0.024, 0.035, 0.032, 0.041, 0.036000000000000004, 0.044, 0.012, 0.026000000000000002, 0.034, 0.041, 0.051000000000000004]","[-0.017, 0.032, 0.003, 0.023, -0.013000000000000001, -0.026000000000000002, 0.20700000000000002, -0.029, 0.013000000000000001, 0.025, -0.014, 0.023, 0.018000000000000002, 0.058, 0.088, 0.019, 0.14300000000000002, 0.031, 0.03, 0.008, 0.025, 0.012, 0.019, 0.029, 0.031, 0.034, 0.04, 0.036000000000000004, 0.011, 0.029, 0.034, 0.034, 0.046]","[-0.0068000000000000005, 0.0123, 0.0117, 0.0097, -0.0068000000000000005, -0.0081, 0.0762, -0.0071, 0.0036000000000000003, 0.0126, -0.0061, 0.0135, 0.0083, 0.0181, 0.024, 0.0081, 0.0463, 0.011300000000000001, 0.0114, 0.0038, 0.0099, 0.0054, 0.0091, 0.0132, 0.0128, 0.015300000000000001, 0.0148, 0.0165, 0.0049, 0.0109, 0.0135, 0.015300000000000001, 0.0199]","[-0.0109, 0.0199, 0.0257, 0.0161, -0.0122, -0.011600000000000001, 0.11900000000000001, -0.008400000000000001, 0.0051, 0.0219, -0.0103, 0.0244, 0.0142, 0.0264, 0.0315, 0.0135, 0.0675, 0.018000000000000002, 0.018000000000000002, 0.0071, 0.0154, 0.009600000000000001, 0.0154, 0.022500000000000003, 0.0206, 0.0264, 0.023200000000000002, 0.028300000000000002, 0.0077, 0.0167, 0.0219, 0.0264, 0.0328]","[0.1241, -0.2336, -0.0219, -0.16790000000000002, 0.0949, 0.1898, -1.5110000000000001, 0.2117, -0.0949, -0.1825, 0.1022, -0.16790000000000002, -0.13140000000000002, -0.4234, -0.6424000000000001, -0.13870000000000002, -1.0439, -0.2263, -0.219, -0.0584, -0.1825, -0.0876, -0.13870000000000002, -0.2117, -0.2263, -0.2482, -0.292, -0.26280000000000003, -0.08030000000000001, -0.2117, -0.2482, -0.2482, -0.33580000000000004]",9.8513,-8.408,1.4433,7.2997,-0.8312,10.3641,485.2509,-25.78,-3.91
Ciprofloxacin,,"[-0.13390000000000002, 0.0018000000000000002, -0.0514, -0.0335, -0.018600000000000002, 0.09580000000000001, -0.0344, -0.073, -0.044, 0.093, -0.09430000000000001, -0.094, 0.0044, -0.0858, -0.08850000000000001, 0.0438, -0.0927, 0.0018000000000000002, -0.0189, -0.0218, -0.15460000000000002, -0.0577, -0.0539, -0.0539, 0.0862, 0.059300000000000005, 0.0354, 0.050800000000000005, 0.0449, 0.0521, 0.049, 0.044500000000000005, 0.0507, 0.047400000000000005, 0.0523, 0.050300000000000004, 0.0731, 0.050800000000000005, 0.0522, 0.055200000000000006, 0.056400000000000006, 0.0536]","[39.4985, 9.0702, 26.649, 5.3501, 8.8902, 0.49, 4.7401, 4.8201, 4.2901, 0.22, 3.0601, 7.2402, 14.5898, 7.3302, 6.3901, 6.7902000000000005, 27.3695, 13.1103, 5.3701, 7.3502, 32.2888, 1.46, 10.6702, 13.8503, 21.4799, 4.97, 0.07, 11.3, 14.41, 21.13, 15.01, 16.18, 14.22, 19.65, 9.45, 15.03, 12.51, 18.67, 18.99, 16.19, 22.3799, 14.02]","[None, None, None, None, None, None, None, None, None, None, None, None, None, None, None, None, None, None, None, None, None, None, None, None, None, None, None, None, None, None, None, None, None, None, None, None, None, None, None, None, None, None]","[-0.44, -0.08, -0.25, 0.0, 0.0, 0.0, 0.0, 0.0, 0.0, 0.0, 0.0, 0.0, -0.05, 0.0, 0.0, -0.01, -0.22, 0.0, 0.0, -0.03, -0.48, 0.0, 0.0, 0.0, -4.44, -0.11, 0.0, -0.05, -0.05, -0.08, -0.05, -0.46, -0.03, -0.05, -0.04, -0.05, -0.08, -0.12, -0.11, -0.08, -0.13, -0.07]","[0.085, 0.023, 0.032, 0.032, 0.062, 0.044, 0.012, 0.033, 0.029, 0.035, -0.011, -0.006, 0.011, -0.006, -0.01, 0.033, 0.046, 0.036000000000000004, 0.01, 0.026000000000000002, 0.089, -0.018000000000000002, -0.001, -0.002, 0.035, 0.066, 0.047, 0.006, 0.019, 0.019, 0.017, 0.001, 0.01, 0.021, 0.007, 0.026000000000000002, 0.046, 0.027, 0.025, 0.01, 0.028, 0.009000000000000001]","[0.057, 0.005, 0.028, 0.023, 0.008, 0.024, 0.013000000000000001, 0.016, 0.005, 0.061, -0.015, -0.017, 0.084, -0.013000000000000001, -0.012, 0.02, 0.033, 0.009000000000000001, 0.032, 0.012, 0.10300000000000001, -0.012, -0.003, 0.0, 0.025, 0.038, 0.03, 0.031, 0.055, 0.042, 0.034, 0.032, 0.032, 0.049, 0.033, 0.044, 0.029, 0.015, 0.013000000000000001, 0.005, 0.02, 0.01]","[0.042, 0.010100000000000001, 0.0166, 0.015700000000000002, 0.026500000000000003, 0.0211, 0.0063, 0.0158, 0.0125, 0.022, -0.0064, -0.0043, 0.014700000000000001, -0.0038, -0.0056, 0.016300000000000002, 0.0227, 0.0162, 0.0081, 0.0122, 0.0494, -0.0089, -0.0008, -0.0008, 0.0175, 0.0318, 0.0228, 0.0061, 0.0146, 0.013300000000000001, 0.0109, 0.0047, 0.0081, 0.014700000000000001, 0.007, 0.0162, 0.0228, 0.013000000000000001, 0.0119, 0.0045000000000000005, 0.014, 0.0047]","[0.0833, 0.022500000000000003, 0.031400000000000004, 0.031400000000000004, 0.0608, 0.0431, 0.0118, 0.0323, 0.0284, 0.034300000000000004, -0.0108, -0.0059, 0.0108, -0.0059, -0.0098, 0.0323, 0.0451, 0.035300000000000005, 0.0098, 0.025500000000000002, 0.0872, -0.0176, -0.001, -0.002, 0.034300000000000004, 0.06470000000000001, 0.0461, 0.0059, 0.018600000000000002, 0.018600000000000002, 0.0167, 0.001, 0.0098, 0.0206, 0.006900000000000001, 0.025500000000000002, 0.0451, 0.026500000000000003, 0.0245, 0.0098, 0.0274, 0.0088]","[-0.4038, -0.0354, -0.1983, -0.16290000000000002, -0.0567, -0.17, -0.0921, -0.11330000000000001, -0.0354, -0.43210000000000004, 0.1063, 0.12040000000000001, -0.595, 0.0921, 0.085, -0.14170000000000002, -0.2338, -0.06380000000000001, -0.2267, -0.085, -0.7296, 0.085, 0.0213, 0.0, -0.1771, -0.2692, -0.21250000000000002, -0.21960000000000002, -0.3896, -0.2975, -0.2409, -0.2267, -0.2267, -0.3471, -0.2338, -0.31170000000000003, -0.2054, -0.1063, -0.0921, -0.0354, -0.14170000000000002, -0.0708]",7.9319,-8.0637,-0.13190000000000002,7.0839,0.2409,10.3138,526.5477,-31.1,-7.41
Cladribine,,"[0.015600000000000001, -0.016300000000000002, -0.07100000000000001, -0.1953, 0.1524, -0.0659, -0.045700000000000005, -0.07830000000000001, -0.0567, -0.0438, 0.1212, -0.032100000000000004, -0.0649, -0.030600000000000002, -0.0332, -0.0594, -0.06810000000000001, -0.058600000000000006, -0.0711, 0.0799, 0.08030000000000001, 0.0427, 0.0574, 0.059000000000000004, 0.062, 0.054, 0.0548, 0.049100000000000005, 0.0557, 0.0475, 0.0592]","[20.5198, 8.6602, 15.2398, 7.9902, 73.2499, 6.4599, 4.4201, 6.2301, 21.4998, 12.0603, 0.42, 0.46, 3.7701000000000002, 1.35, 0.51, 13.9195, 6.7402, 26.839, 33.4787, 23.0299, 19.09, 11.94, 17.43, 14.29, 6.8, 14.38, 16.88, 16.79, 18.94, 1.8900000000000001, 15.63]","[None, None, None, None, None, None, None, None, None, None, None, None, None, None, None, None, None, None, None, None, None, None, None, None, None, None, None, None, None, None, None]","[-0.04, -0.02, -0.07, -0.04, 0.0, 0.0, 0.0, 0.0, -0.05, -0.01, 0.0, 0.0, 0.0, 0.0, 0.0, -0.07, 0.0, -0.29, -0.31, -1.85, -1.58, -0.1, -0.07, -0.11, -0.05, -0.07, -0.1, -0.04, -0.1, -0.77, -2.47]","[0.051000000000000004, 0.064, 0.07, 0.036000000000000004, 0.14400000000000002, 0.115, 0.007, 0.018000000000000002, 0.091, 0.058, 0.058, -0.012, -0.005, -0.001, -0.007, 0.011, -0.008, 0.009000000000000001, 0.013000000000000001, 0.054, 0.049, 0.085, 0.029, 0.015, -0.002, 0.018000000000000002, 0.024, 0.008, 0.022, -0.019, 0.006]","[0.043000000000000003, 0.01, 0.096, -0.005, 0.139, 0.10400000000000001, 0.005, 0.025, 0.079, 0.005, 0.031, -0.013000000000000001, -0.007, -0.001, 0.003, 0.041, -0.007, 0.047, 0.052000000000000005, 0.038, 0.034, 0.044, 0.033, 0.021, 0.009000000000000001, 0.029, 0.038, 0.04, 0.038, 0.007, 0.021]","[0.023100000000000002, 0.0236, 0.0364, 0.0122, 0.0673, 0.0528, 0.0031000000000000003, 0.0092, 0.041600000000000005, 0.0211, 0.024300000000000002, -0.0056, -0.0026000000000000003, -0.0005, -0.0021000000000000003, 0.0089, -0.0039000000000000003, 0.009000000000000001, 0.0108, 0.0236, 0.0211, 0.035300000000000005, 0.0142, 0.0078000000000000005, 0.0007, 0.0097, 0.0131, 0.0078000000000000005, 0.012400000000000001, -0.0057, 0.0045000000000000005]","[0.0471, 0.0591, 0.06470000000000001, 0.0333, 0.1331, 0.1063, 0.006500000000000001, 0.0166, 0.08410000000000001, 0.0536, 0.0536, -0.0111, -0.0046, -0.0009000000000000001, -0.006500000000000001, 0.0102, -0.0074, 0.0083, 0.012, 0.0499, 0.0453, 0.0786, 0.0268, 0.013900000000000001, -0.0018000000000000002, 0.0166, 0.0222, 0.0074, 0.020300000000000002, -0.0176, 0.0055000000000000005]","[-0.34550000000000003, -0.08030000000000001, -0.7713, 0.0402, -1.1168, -0.8356, -0.0402, -0.20090000000000002, -0.6347, -0.0402, -0.24910000000000002, 0.1044, 0.0562, 0.008, -0.0241, -0.3294, 0.0562, -0.3776, -0.4178, -0.3053, -0.2732, -0.35350000000000004, -0.2651, -0.16870000000000002, -0.0723, -0.233, -0.3053, -0.3214, -0.3053, -0.0562, -0.16870000000000002]",9.142,-8.1403,1.0018,8.0344,-0.2217,4.0474,440.9072,-21.07,-8.13
Clotrimazole,,"[0.1908, -0.1436, -0.0361, -0.0719, -0.027600000000000003, -0.0448, -0.033800000000000004, -0.0359, -0.032100000000000004, -0.0369, -0.031400000000000004, -0.0376, -0.0309, -0.0354, -0.0339, -0.046700000000000005, 0.1207, -0.0751, -0.0932, -0.0476, -0.0656, -0.0274, -0.0298, -0.025400000000000002, -0.053200000000000004, 0.043300000000000005, 0.0483, 0.047, 0.0492, 0.051300000000000005, 0.050800000000000005, 0.0497, 0.047400000000000005, 0.0487, 0.0424, 0.0409, 0.032, 0.0403, 0.0478, 0.0504, 0.049800000000000004, 0.0449]","[35.7399, 0.07, 0.0, 0.0, 0.0, 2.5201000000000002, 14.7203, 16.4404, 14.4503, 1.54, 0.0, 1.79, 13.5603, 15.6304, 13.7103, 2.9201, 0.0, 5.4701, 20.0705, 28.7797, 9.7502, 4.7201, 15.7704, 16.3504, 13.0203, 6.87, 22.4099, 22.5399, 22.509900000000002, 8.53, 8.04, 22.4499, 22.509900000000002, 22.3799, 6.39, 10.64, 23.0599, 8.8, 6.08, 22.3799, 22.5599, 18.46]","[None, None, None, None, None, None, None, None, None, None, None, None, None, None, None, None, None, None, None, None, None, None, None, None, None, None, None, None, None, None, None, None, None, None, None, None, None, None, None, None, None, None]","[0.0, 0.0, 0.0, 0.0, 0.0, 0.0, 0.0, 0.0, 0.0, 0.0, 0.0, 0.0, 0.0, 0.0, 0.0, 0.0, 0.0, 0.0, 0.0, -0.06, 0.0, 0.0, 0.0, 0.0, 0.0, -0.01, -0.05, -0.05, -0.04, -0.01, -0.01, -0.05, -0.05, -0.04, -0.01, -0.02, -0.02, -0.02, -0.03, -0.1, -0.12, -0.11]","[0.057, 0.017, 0.027, 0.001, 0.02, 0.006, 0.019, 0.028, 0.013000000000000001, 0.014, 0.021, 0.01, 0.016, 0.029, 0.016, 0.011, -0.005, -0.005, 0.007, 0.031, -0.003, 0.021, 0.024, 0.033, 0.022, 0.017, 0.038, 0.044, 0.039, 0.029, 0.024, 0.04, 0.046, 0.04, 0.023, 0.005, 0.027, 0.008, 0.042, 0.05, 0.053, 0.044]","[0.109, 0.006, 0.007, -0.003, 0.007, 0.003, 0.013000000000000001, 0.02, 0.011, 0.005, 0.004, 0.003, 0.011, 0.019, 0.012, 0.004, 0.029, 0.018000000000000002, 0.013000000000000001, 0.127, 0.004, 0.004, 0.019, 0.016, 0.011, 0.017, 0.034, 0.037, 0.032, 0.016, 0.016, 0.031, 0.036000000000000004, 0.032, 0.018000000000000002, 0.046, 0.057, 0.046, 0.012, 0.034, 0.037, 0.029]","[0.0342, 0.0067, 0.0106, -0.0, 0.0079, 0.0028, 0.0085, 0.0126, 0.0061, 0.0054, 0.0079, 0.0037, 0.006900000000000001, 0.0129, 0.0073, 0.0047, 0.0018000000000000002, 0.0002, 0.004200000000000001, 0.027100000000000003, -0.00030000000000000003, 0.0083, 0.0108, 0.0142, 0.0091, 0.0083, 0.018000000000000002, 0.020800000000000003, 0.0179, 0.0122, 0.010700000000000001, 0.018600000000000002, 0.0211, 0.018500000000000003, 0.0108, 0.0078000000000000005, 0.016900000000000002, 0.0086, 0.0167, 0.0223, 0.0238, 0.0198]","[0.052500000000000005, 0.015700000000000002, 0.024900000000000002, 0.0009000000000000001, 0.0184, 0.0055000000000000005, 0.0175, 0.0258, 0.012, 0.0129, 0.0194, 0.0092, 0.014700000000000001, 0.0267, 0.014700000000000001, 0.010100000000000001, -0.0046, -0.0046, 0.006500000000000001, 0.0286, -0.0028, 0.0194, 0.0221, 0.0304, 0.020300000000000002, 0.015700000000000002, 0.035, 0.040600000000000004, 0.0359, 0.0267, 0.0221, 0.0369, 0.0424, 0.0369, 0.0212, 0.0046, 0.024900000000000002, 0.0074, 0.038700000000000005, 0.0461, 0.0488, 0.040600000000000004]","[-0.8367, -0.0461, -0.053700000000000005, 0.023, -0.053700000000000005, -0.023, -0.0998, -0.1535, -0.0844, -0.038400000000000004, -0.0307, -0.023, -0.0844, -0.1458, -0.0921, -0.0307, -0.22260000000000002, -0.13820000000000002, -0.0998, -0.9749000000000001, -0.0307, -0.0307, -0.1458, -0.1228, -0.0844, -0.1305, -0.261, -0.28400000000000003, -0.2456, -0.1228, -0.1228, -0.23800000000000002, -0.2763, -0.2456, -0.13820000000000002, -0.3531, -0.4375, -0.3531, -0.0921, -0.261, -0.28400000000000003, -0.22260000000000002]",9.9377,-9.2032,0.7345,7.6763,-0.1029,4.1501,523.6333,-6.86,-0.86
Colchicine,,"[-0.17, -0.0269, -0.031900000000000005, -0.011, -0.0492, 0.0539, -0.034300000000000004, -0.12860000000000002, -0.1715, -0.057, -0.0844, 0.0388, 0.021, -0.08320000000000001, -0.0737, -0.0303, -0.0329, -0.06620000000000001, -0.0252, -0.0342, -0.08320000000000001, -0.035300000000000005, -0.0517, -0.0892, -0.0007, -0.0592, -0.0026000000000000003, -0.019700000000000002, -0.08410000000000001, 0.060500000000000005, 0.056, 0.058, 0.0685, 0.0592, 0.0604, 0.0575, 0.0517, 0.059000000000000004, 0.057300000000000004, 0.054700000000000006, 0.0541, 0.07050000000000001, 0.047400000000000005, 0.0611, 0.0546, 0.062200000000000005, 0.053, 0.046700000000000005, 0.0476, 0.0591, 0.048400000000000006, 0.0531, 0.06330000000000001, 0.058300000000000005]","[41.6784, 7.3902, 9.1002, 1.07, 0.32, 2.54, 4.0901, 13.5703, 28.3489, 5.3201, 6.4502, 6.7402, 11.9195, 18.8904, 10.3602, 5.3501, 0.16, 0.88, 1.37, 2.7399, 16.2504, 0.61, 5.9098, 16.1904, 3.1001, 6.0201, 2.8101000000000003, 4.5498, 18.4104, 11.42, 12.58, 4.94, 18.84, 0.78, 20.14, 16.93, 5.96, 16.18, 11.4, 17.89, 17.85, 22.6899, 9.54, 10.7, 11.94, 21.8999, 11.12, 16.24, 10.19, 21.8399, 6.64, 17.91, 22.4699, 11.86]","[None, None, None, None, None, None, None, None, None, None, None, None, None, None, None, None, None, None, None, None, None, None, None, None, None, None, None, None, None, None, None, None, None, None, None, None, None, None, None, None, None, None, None, None, None, None, None, None, None, None, None, None, None, None]","[-0.46, -0.03, 0.0, 0.0, 0.0, 0.0, 0.0, 0.0, -0.32, 0.0, 0.0, -0.01, -0.04, 0.0, 0.0, 0.0, 0.0, 0.0, 0.0, 0.0, 0.0, 0.0, 0.0, 0.0, 0.0, 0.0, 0.0, 0.0, 0.0, -0.07, -0.05, -0.31, -0.12, -0.02, -0.14, -0.06, -0.06, -0.06, -0.04, -0.1, -0.1, -0.22, -0.07, -0.08, -0.06, -0.15, -0.04, -0.02, -0.04, -0.13, -0.03, -0.07, -0.17, -0.05]","[0.076, 0.011, 0.046, 0.028, -0.003, -0.004, 0.002, -0.006, 0.024, -0.007, -0.007, 0.062, 0.059000000000000004, -0.023, 0.012, 0.047, 0.046, 0.005, 0.009000000000000001, 0.0, -0.01, 0.017, 0.017, -0.01, 0.019, 0.006, 0.028, 0.029, -0.013000000000000001, 0.058, 0.022, -0.001, 0.017, 0.0, 0.014, 0.019, 0.024, 0.027, 0.002, 0.027, 0.026000000000000002, 0.038, 0.052000000000000005, 0.058, 0.016, 0.013000000000000001, 0.013000000000000001, 0.009000000000000001, 0.011, 0.02, 0.031, 0.014, 0.023, 0.011]","[0.082, 0.009000000000000001, 0.018000000000000002, 0.009000000000000001, -0.007, 0.017, 0.003, -0.005, 0.058, -0.005, -0.007, 0.022, 0.051000000000000004, -0.017, 0.014, 0.016, 0.015, 0.025, 0.008, 0.022, -0.013000000000000001, 0.015, 0.027, -0.012, 0.016, 0.011, 0.022, 0.052000000000000005, -0.017, 0.032, 0.03, 0.012, 0.022, 0.006, 0.024, 0.026000000000000002, 0.017, 0.027, 0.017, 0.025, 0.024, 0.029, 0.034, 0.027, 0.019, 0.021, 0.017, 0.017, 0.013000000000000001, 0.024, 0.031, 0.028, 0.029, 0.02]","[0.0453, 0.006200000000000001, 0.0236, 0.013800000000000002, -0.0022, 0.0005, 0.0016, -0.0037, 0.0182, -0.0039000000000000003, -0.0041, 0.0315, 0.033600000000000005, -0.0128, 0.0073, 0.0235, 0.0235, 0.0054, 0.0054, 0.0027, -0.0059, 0.0097, 0.0112, -0.0061, 0.0105, 0.0038, 0.015700000000000002, 0.0195, -0.0081, 0.0308, 0.013900000000000001, 0.0007, 0.0109, 0.0007, 0.0094, 0.0117, 0.0129, 0.0158, 0.0033, 0.015600000000000001, 0.015, 0.020900000000000002, 0.028300000000000002, 0.030500000000000003, 0.0095, 0.0086, 0.0081, 0.006200000000000001, 0.0067, 0.0122, 0.0182, 0.0099, 0.0142, 0.007200000000000001]","[0.0849, 0.0123, 0.0514, 0.0313, -0.0034000000000000002, -0.0045000000000000005, 0.0022, -0.0067, 0.0268, -0.0078000000000000005, -0.0078000000000000005, 0.0693, 0.0659, -0.0257, 0.0134, 0.052500000000000005, 0.0514, 0.0056, 0.010100000000000001, 0.0, -0.0112, 0.019, 0.019, -0.0112, 0.0212, 0.0067, 0.0313, 0.0324, -0.0145, 0.0648, 0.0246, -0.0011, 0.019, 0.0, 0.015600000000000001, 0.0212, 0.0268, 0.0302, 0.0022, 0.0302, 0.029, 0.0424, 0.058100000000000006, 0.0648, 0.0179, 0.0145, 0.0145, 0.010100000000000001, 0.0123, 0.0223, 0.0346, 0.015600000000000001, 0.0257, 0.0123]","[-0.579, -0.0636, -0.12710000000000002, -0.0636, 0.0494, -0.12, -0.0212, 0.035300000000000005, -0.40950000000000003, 0.035300000000000005, 0.0494, -0.1553, -0.36010000000000003, 0.12, -0.0989, -0.113, -0.10590000000000001, -0.17650000000000002, -0.0565, -0.1553, 0.0918, -0.10590000000000001, -0.1907, 0.0847, -0.113, -0.0777, -0.1553, -0.3672, 0.12, -0.226, -0.21180000000000002, -0.0847, -0.1553, -0.0424, -0.1695, -0.1836, -0.12, -0.1907, -0.12, -0.17650000000000002, -0.1695, -0.2048, -0.2401, -0.1907, -0.1342, -0.14830000000000002, -0.12, -0.12, -0.0918, -0.1695, -0.2189, -0.19770000000000001, -0.2048, -0.14120000000000002]",7.7036,-8.5883,-0.8848,7.0612,0.5606,8.3719,602.0891,-19.63,-3.2800000000000002
Etodolac,,"[-0.132, -0.10200000000000001, -0.0261, -0.0536, -0.0531, -0.0408, -0.028200000000000003, -0.0337, 0.0671, -0.038400000000000004, -0.0199, -0.0931, -0.049800000000000004, -0.042, -0.028800000000000003, -0.089, -0.12560000000000002, -0.0887, 0.0091, -0.0152, -0.1373, 0.054900000000000004, 0.0466, 0.0509, 0.0514, 0.0456, 0.0419, 0.0422, 0.0443, 0.0563, 0.0563, 0.054700000000000006, 0.055900000000000005, 0.0442, 0.0603, 0.0427, 0.054200000000000005, 0.042300000000000004, 0.059000000000000004, 0.0563, 0.07060000000000001, 0.09050000000000001]","[16.4504, 6.0401, 3.2201, 11.9803, 16.2504, 14.8103, 5.5201, 5.1701, 1.6400000000000001, 0.36, 3.4401, 4.1501, 3.8401, 5.5498, 0.0, 3.0101, 15.0104, 3.7001, 4.4101, 22.4791, 32.6288, 18.1, 11.22, 22.3199, 16.33, 14.79, 17.3, 22.3699, 16.7, 4.45, 19.68, 16.22, 20.53, 8.43, 15.74, 9.94, 22.1699, 6.96, 12.29, 9.9, 12.05, 22.0499]","[None, None, None, None, None, None, None, None, None, None, None, None, None, None, None, None, None, None, None, None, None, None, None, None, None, None, None, None, None, None, None, None, None, None, None, None, None, None, None, None, None, None]","[0.0, 0.0, 0.0, 0.0, 0.0, 0.0, 0.0, 0.0, 0.0, 0.0, 0.0, 0.0, 0.0, 0.0, 0.0, 0.0, 0.0, 0.0, 0.0, -0.11, -0.27, -0.03, -0.02, -0.05, -0.03, -0.03, -0.01, -0.01, -0.01, -0.23, -0.05, -0.04, -0.06, -0.01, -0.05, -0.03, -0.06, -0.03, -0.03, -0.09, -0.08, -4.38]","[-0.008, -0.01, 0.051000000000000004, 0.031, 0.017, 0.043000000000000003, 0.02, 0.009000000000000001, 0.021, 0.038, 0.03, -0.01, -0.01, 0.011, 0.005, -0.006, -0.009000000000000001, -0.008, 0.06, 0.058, 0.113, 0.015, 0.006, 0.028, 0.029, 0.024, 0.055, 0.052000000000000005, 0.053, 0.03, 0.031, 0.027, 0.028, 0.006, 0.017, 0.013000000000000001, 0.026000000000000002, 0.003, 0.007, 0.036000000000000004, 0.032, 0.037]","[-0.007, -0.009000000000000001, 0.045, 0.035, 0.022, 0.042, 0.013000000000000001, 0.011, 0.046, 0.04, 0.06, -0.01, -0.012, 0.032, 0.001, -0.002, -0.009000000000000001, 0.002, 0.003, 0.02, 0.035, 0.019, 0.009000000000000001, 0.034, 0.034, 0.03, 0.058, 0.057, 0.053, 0.043000000000000003, 0.062, 0.048, 0.038, 0.027, 0.012, 0.013000000000000001, 0.029, 0.015, 0.014, 0.021, 0.007, 0.02]","[-0.0034000000000000002, -0.0043, 0.0206, 0.0134, 0.007500000000000001, 0.0181, 0.0077, 0.004, 0.011600000000000001, 0.0161, 0.0162, -0.004200000000000001, -0.0044, 0.0074, 0.0016, -0.002, -0.0038, -0.0021000000000000003, 0.0179, 0.0196, 0.0378, 0.0068000000000000005, 0.0027, 0.012400000000000001, 0.0125, 0.0108, 0.023100000000000002, 0.0221, 0.0222, 0.0143, 0.016900000000000002, 0.013600000000000001, 0.0129, 0.0053, 0.0067, 0.0054, 0.011, 0.0027, 0.0036000000000000003, 0.0134, 0.0105, 0.013600000000000001]","[-0.0055000000000000005, -0.006900000000000001, 0.0352, 0.021400000000000002, 0.0117, 0.0297, 0.013800000000000002, 0.006200000000000001, 0.0145, 0.0262, 0.0207, -0.006900000000000001, -0.006900000000000001, 0.0076, 0.0035, -0.0041, -0.006200000000000001, -0.0055000000000000005, 0.0414, 0.04, 0.078, 0.010400000000000001, 0.0041, 0.0193, 0.02, 0.0166, 0.038, 0.0359, 0.0366, 0.0207, 0.021400000000000002, 0.018600000000000002, 0.0193, 0.0041, 0.0117, 0.009000000000000001, 0.018000000000000002, 0.0021000000000000003, 0.0048000000000000004, 0.024900000000000002, 0.0221, 0.025500000000000002]","[0.050800000000000005, 0.0653, -0.3264, -0.2539, -0.15960000000000002, -0.3047, -0.09430000000000001, -0.07980000000000001, -0.3337, -0.2902, -0.43520000000000003, 0.07250000000000001, 0.08700000000000001, -0.2321, -0.0073, 0.0145, 0.0653, -0.0145, -0.0218, -0.1451, -0.2539, -0.1378, -0.0653, -0.2466, -0.2466, -0.21760000000000002, -0.4207, -0.41350000000000003, -0.3845, -0.3119, -0.44970000000000004, -0.3482, -0.2756, -0.19590000000000002, -0.08700000000000001, -0.09430000000000001, -0.2104, -0.10880000000000001, -0.10160000000000001, -0.15230000000000002, -0.050800000000000005, -0.1451]",9.3473,-8.218,1.1293,7.2538,-0.6475000000000001,3.2397,499.1997,-13.76,-5.9
Griseofulvin,,"[-0.1233, -0.0167, -0.057300000000000004, 0.0207, 0.0037, -0.07680000000000001, -0.08710000000000001, -0.0007, -0.1841, 0.1726, 0.0018000000000000002, -0.023200000000000002, -0.07680000000000001, -0.0183, 0.0009000000000000001, -0.0483, -0.12040000000000001, -0.08850000000000001, 0.0199, 0.0008, -0.0666, -0.07680000000000001, 0.009600000000000001, -0.1592, 0.0688, 0.055600000000000004, 0.0558, 0.038, 0.0568, 0.057, 0.0682, 0.058, 0.059000000000000004, 0.054200000000000005, 0.057, 0.06520000000000001, 0.061900000000000004, 0.0683, 0.0603, 0.059800000000000006, 0.05]","[25.319, 1.34, 3.0201, 6.6402, 10.0096, 18.8704, 7.6802, 3.3301, 5.5701, 61.1199, 6.6102, 10.7896, 19.0404, 2.7199, 0.0, 0.08, 13.5403, 5.2301, 0.88, 4.6498, 19.3905, 7.6102, 2.9401, 47.4182, 22.6699, 17.75, 17.63, 1.4100000000000001, 17.75, 17.59, 22.6899, 14.65, 19.04, 9.17, 10.47, 12.53, 15.84, 22.7099, 17.82, 17.51, 10.57]","[None, None, None, None, None, None, None, None, None, None, None, None, None, None, None, None, None, None, None, None, None, None, None, None, None, None, None, None, None, None, None, None, None, None, None, None, None, None, None, None, None]","[-0.22, 0.0, 0.0, -0.02, -0.04, 0.0, -0.01, 0.0, 0.0, 0.0, -0.01, -0.04, 0.0, 0.0, 0.0, 0.0, 0.0, 0.0, 0.0, -0.04, 0.0, 0.0, 0.0, -0.5, -0.25, -0.11, -0.11, -0.03, -0.11, -0.11, -0.25, -0.06, -0.09, -0.05, -0.03, -0.13, -0.13, -0.27, -0.12, -0.11, -0.09]","[0.10200000000000001, 0.04, 0.022, 0.033, 0.031, -0.016, 0.011, 0.018000000000000002, 0.015, 0.069, 0.045, 0.043000000000000003, -0.018000000000000002, 0.033, 0.002, 0.0, -0.012, -0.01, 0.032, 0.022, -0.015, 0.018000000000000002, 0.03, 0.092, 0.027, 0.019, 0.02, 0.044, 0.02, 0.02, 0.029, 0.022, 0.028, 0.007, 0.009000000000000001, 0.027, 0.036000000000000004, 0.024, 0.02, 0.019, 0.043000000000000003]","[0.059000000000000004, 0.004, 0.019, 0.018000000000000002, 0.051000000000000004, -0.018000000000000002, 0.014, 0.01, 0.026000000000000002, 0.162, 0.015, 0.037, -0.017, 0.026000000000000002, 0.003, -0.001, -0.011, 0.009000000000000001, 0.011, 0.022, -0.014, 0.014, 0.015, 0.113, 0.028, 0.027, 0.027, 0.035, 0.023, 0.023, 0.027, 0.03, 0.026000000000000002, 0.017, 0.014, 0.027, 0.035, 0.021, 0.018000000000000002, 0.015, 0.039]","[0.057100000000000005, 0.02, 0.013300000000000001, 0.0179, 0.0212, -0.01, 0.0067, 0.01, 0.010100000000000001, 0.0533, 0.023700000000000002, 0.025400000000000002, -0.0111, 0.0189, 0.0016, -0.0004, -0.007500000000000001, -0.0041, 0.0172, 0.0134, -0.009300000000000001, 0.0105, 0.0167, 0.058100000000000006, 0.0162, 0.0125, 0.012700000000000001, 0.0253, 0.0122, 0.0122, 0.017400000000000002, 0.0143, 0.016800000000000002, 0.0054, 0.0064, 0.0164, 0.021400000000000002, 0.013900000000000001, 0.0119, 0.0111, 0.0256]","[0.12860000000000002, 0.0504, 0.027700000000000002, 0.041600000000000005, 0.0391, -0.020200000000000003, 0.013900000000000001, 0.0227, 0.0189, 0.08700000000000001, 0.0567, 0.054200000000000005, -0.0227, 0.041600000000000005, 0.0025, 0.0, -0.0151, -0.0126, 0.0403, 0.027700000000000002, -0.0189, 0.0227, 0.0378, 0.116, 0.034, 0.024, 0.0252, 0.0555, 0.0252, 0.0252, 0.0366, 0.027700000000000002, 0.035300000000000005, 0.0088, 0.011300000000000001, 0.034, 0.0454, 0.0303, 0.0252, 0.024, 0.054200000000000005]","[-0.4469, -0.0303, -0.1439, -0.1363, -0.38630000000000003, 0.1363, -0.106, -0.0757, -0.19690000000000002, -1.227, -0.1136, -0.2802, 0.1288, -0.19690000000000002, -0.0227, 0.0076, 0.0833, -0.0682, -0.0833, -0.1666, 0.106, -0.106, -0.1136, -0.8559, -0.2121, -0.20450000000000002, -0.20450000000000002, -0.2651, -0.17420000000000002, -0.17420000000000002, -0.20450000000000002, -0.2272, -0.19690000000000002, -0.1288, -0.106, -0.20450000000000002, -0.2651, -0.15910000000000002, -0.1363, -0.1136, -0.2954]",9.2713,-9.2606,0.010700000000000001,7.5739,0.7326,8.9469,551.5983,-16.08,-2.9
Hydroquinine,,"[-0.07, -0.0505, -0.0658, 0.0597, -0.1005, -0.0868, -0.0993, -0.0529, -0.0915, -0.13720000000000002, -0.0449, -0.07830000000000001, 0.0106, -0.043300000000000005, -0.0473, -0.0129, -0.0454, -0.0285, -0.051300000000000005, -0.0002, -0.0349, -0.0907, -0.050100000000000006, -0.0244, 0.0471, 0.0386, 0.0476, 0.0487, 0.0472, 0.0478, 0.0468, 0.044, 0.049100000000000005, 0.0431, 0.046900000000000004, 0.0412, 0.0517, 0.047400000000000005, 0.049100000000000005, 0.0427, 0.042300000000000004, 0.053700000000000005, 0.0492, 0.0455, 0.041, 0.0533, 0.0529, 0.06380000000000001, 0.0438, 0.051800000000000006]","[27.399, 0.63, 0.0, 1.2, 7.4902, 6.6302, 3.4801, 0.12, 3.1401, 16.2604, 0.12, 2.4001, 2.3201, 8.6302, 18.4604, 19.4998, 5.9101, 2.7500999999999998, 6.4302, 6.1901, 13.8495, 18.7404, 12.0303, 15.1904, 10.56, 4.11, 4.8100000000000005, 15.38, 17.22, 16.09, 17.63, 6.59, 17.4, 9.39, 17.21, 1.28, 22.1999, 13.76, 18.79, 10.34, 0.85, 13.68, 13.13, 22.9499, 3.87, 17.48, 17.72, 22.6199, 12.2, 19.74]","[None, None, None, None, None, None, None, None, None, None, None, None, None, None, None, None, None, None, None, None, None, None, None, None, None, None, None, None, None, None, None, None, None, None, None, None, None, None, None, None, None, None, None, None, None, None, None, None, None, None]","[-0.32, 0.0, 0.0, 0.0, 0.0, 0.0, 0.0, 0.0, 0.0, 0.0, 0.0, 0.0, 0.0, 0.0, 0.0, -0.04, 0.0, 0.0, 0.0, -0.01, -0.05, 0.0, 0.0, 0.0, -1.9500000000000002, 0.0, -0.01, -0.03, -0.02, -0.02, -0.02, -0.01, -0.03, -0.01, -0.02, 0.0, -0.04, -0.02, -0.03, -0.01, 0.0, -0.01, -0.05, -0.05, -0.01, -0.06, -0.06, -0.17, -0.06, -0.11]","[0.01, -0.006, 0.0, 0.007, -0.007, -0.005, -0.006, -0.004, 0.0, -0.005, -0.001, -0.001, 0.07200000000000001, 0.033, 0.028, 0.10400000000000001, 0.01, 0.017, 0.044, 0.038, 0.042, -0.02, 0.036000000000000004, 0.051000000000000004, 0.026000000000000002, 0.027, 0.006, 0.018000000000000002, 0.008, 0.005, 0.017, -0.004, 0.018000000000000002, 0.016, 0.009000000000000001, -0.014, 0.007, 0.001, 0.011, 0.012, -0.012, -0.001, 0.07, 0.074, 0.062, 0.02, 0.021, 0.035, 0.066, 0.066]","[0.027, 0.001, -0.008, 0.095, -0.014, -0.005, -0.012, 0.004, -0.004, -0.008, -0.007, -0.004, 0.012, 0.013000000000000001, 0.006, 0.101, 0.009000000000000001, 0.013000000000000001, 0.013000000000000001, 0.018000000000000002, 0.043000000000000003, -0.016, 0.012, 0.015, 0.011, 0.027, 0.025, 0.033, 0.033, 0.027, 0.035, 0.024, 0.038, 0.029, 0.02, 0.003, 0.02, 0.008, 0.017, 0.044, 0.015, 0.028, 0.036000000000000004, 0.051000000000000004, 0.026000000000000002, 0.024, 0.023, 0.025, 0.036000000000000004, 0.034]","[0.0068000000000000005, -0.0024000000000000002, -0.001, 0.0145, -0.0041, -0.0025, -0.0037, -0.001, -0.0005, -0.0031000000000000003, -0.0012000000000000001, -0.0006000000000000001, 0.028300000000000002, 0.013900000000000001, 0.0112, 0.051000000000000004, 0.0051, 0.0079, 0.0182, 0.0164, 0.0212, -0.0094, 0.0149, 0.020800000000000003, 0.011300000000000001, 0.0134, 0.0056, 0.0111, 0.0068000000000000005, 0.005200000000000001, 0.010700000000000001, 0.0015, 0.0114, 0.0098, 0.0056, -0.0051, 0.0049, 0.0011, 0.006200000000000001, 0.01, -0.0023, 0.0029000000000000002, 0.030500000000000003, 0.0341, 0.0263, 0.010400000000000001, 0.010700000000000001, 0.0161, 0.029, 0.028800000000000003]","[0.0086, -0.005200000000000001, 0.0, 0.006, -0.006, -0.0043, -0.005200000000000001, -0.0035, 0.0, -0.0043, -0.0009000000000000001, -0.0009000000000000001, 0.062200000000000005, 0.0285, 0.024200000000000003, 0.0898, 0.0086, 0.014700000000000001, 0.038, 0.0328, 0.0363, -0.0173, 0.031100000000000003, 0.044, 0.0224, 0.0233, 0.005200000000000001, 0.0155, 0.006900000000000001, 0.0043, 0.014700000000000001, -0.0035, 0.0155, 0.013800000000000002, 0.0078000000000000005, -0.012100000000000001, 0.006, 0.0009000000000000001, 0.0095, 0.010400000000000001, -0.010400000000000001, -0.0009000000000000001, 0.0604, 0.0639, 0.053500000000000006, 0.0173, 0.0181, 0.0302, 0.057, 0.057]","[-0.1884, -0.007, 0.0558, -0.6628000000000001, 0.09770000000000001, 0.0349, 0.08370000000000001, -0.0279, 0.0279, 0.0558, 0.0488, 0.0279, -0.08370000000000001, -0.0907, -0.0419, -0.7047, -0.06280000000000001, -0.0907, -0.0907, -0.12560000000000002, -0.30000000000000004, 0.1116, -0.08370000000000001, -0.1047, -0.0767, -0.1884, -0.1744, -0.23020000000000002, -0.23020000000000002, -0.1884, -0.2442, -0.1675, -0.2651, -0.2023, -0.1395, -0.020900000000000002, -0.1395, -0.0558, -0.11860000000000001, -0.307, -0.1047, -0.19540000000000002, -0.25120000000000003, -0.3558, -0.1814, -0.1675, -0.1605, -0.1744, -0.25120000000000003, -0.23720000000000002]",8.6383,-8.8617,-0.2235,6.9771,-0.0239,4.5573,545.8706,-8.83,-3.22
Hydroxychloroquine,,"[-0.12380000000000001, -0.0591, 0.0333, -0.0193, -0.078, -0.0426, -0.0211, -0.0207, -0.0363, -0.040400000000000005, -0.057300000000000004, -0.1346, 0.1326, -0.0443, -0.0809, -0.0791, -0.1028, 0.0606, -0.10980000000000001, -0.14020000000000002, -0.10690000000000001, -0.0613, -0.0755, 0.0589, 0.059300000000000005, 0.053700000000000005, 0.0514, 0.043500000000000004, 0.0339, 0.0455, 0.038700000000000005, 0.043000000000000003, 0.0483, 0.0523, 0.046700000000000005, 0.042, 0.049100000000000005, 0.0335, 0.046400000000000004, 0.0454, 0.043000000000000003, 0.0468, 0.0468, 0.053500000000000006, 0.05, 0.0386, 0.0451, 0.0371, 0.055]","[14.0503, 0.34, 1.71, 3.8401, 7.6302, 18.4004, 19.6998, 6.6002, 5.4301, 13.8503, 14.8203, 5.4901, 69.7499, 13.5403, 1.1400000000000001, 0.8, 2.05, 1.35, 5.0101, 15.0404, 3.0601, 5.3801, 28.3989, 13.87, 19.93, 10.38, 13.07, 8.48, 5.59, 22.7499, 12.47, 18.78, 16.61, 13.2, 6.0, 7.83, 9.13, 9.73, 10.64, 9.9, 10.5, 12.62, 12.02, 22.1499, 14.0, 12.61, 21.4599, 11.22, 24.1899]","[None, None, None, None, None, None, None, None, None, None, None, None, None, None, None, None, None, None, None, None, None, None, None, None, None, None, None, None, None, None, None, None, None, None, None, None, None, None, None, None, None, None, None, None, None, None, None, None, None]","[0.0, 0.0, 0.0, 0.0, 0.0, 0.0, -0.06, -0.01, 0.0, 0.0, 0.0, 0.0, 0.0, 0.0, 0.0, 0.0, 0.0, 0.0, 0.0, 0.0, 0.0, 0.0, -0.33, -0.05, -0.06, -0.03, -0.04, -0.38, -0.01, -0.02, -0.06, -0.09, -0.09, -0.03, -0.02, -0.02, -0.03, 0.0, -0.01, -0.02, -0.02, -0.02, -0.01, -0.04, -0.03, 0.0, -0.01, -0.01, -3.65]","[-0.01, -0.011, 0.044, 0.057, 0.022, 0.03, 0.08600000000000001, 0.012, 0.015, 0.055, 0.029, 0.034, 0.111, 0.054, -0.003, -0.003, -0.001, 0.002, -0.002, -0.002, -0.001, -0.002, -0.002, 0.029, 0.01, 0.003, 0.028, 0.028, 0.062, 0.069, 0.065, 0.067, 0.068, 0.003, 0.002, 0.009000000000000001, 0.01, 0.003, 0.0, 0.008, -0.003, -0.004, 0.006, 0.006, -0.001, 0.003, 0.006, 0.004, 0.005]","[-0.008, -0.006, 0.037, 0.01, 0.024, 0.001, 0.097, 0.004, 0.012, 0.011, 0.014, 0.013000000000000001, 0.082, 0.017, -0.003, -0.005, -0.022, 0.123, -0.016, -0.005, -0.022, -0.007, 0.001, 0.015, 0.015, 0.007, 0.019, 0.024, 0.033, 0.043000000000000003, 0.026000000000000002, 0.032, 0.03, 0.009000000000000001, 0.008, 0.016, 0.014, 0.052000000000000005, 0.029, 0.036000000000000004, 0.029, 0.017, 0.022, 0.034, 0.03, 0.053, 0.025, 0.015, 0.017]","[-0.0045000000000000005, -0.0044, 0.0198, 0.021500000000000002, 0.010700000000000001, 0.0109, 0.0426, 0.0047, 0.006500000000000001, 0.0207, 0.0122, 0.013300000000000001, 0.0495, 0.0213, -0.0014, -0.0017000000000000001, -0.0029000000000000002, 0.0158, -0.0027, -0.0016, -0.0033, -0.0018000000000000002, -0.00030000000000000003, 0.012100000000000001, 0.0056, 0.0019, 0.012, 0.0128, 0.0262, 0.0296, 0.0263, 0.027800000000000002, 0.027600000000000003, 0.0022, 0.0017000000000000001, 0.0049, 0.0053, 0.0078000000000000005, 0.0039000000000000003, 0.0073, 0.0026000000000000003, 0.0005, 0.0049, 0.0064, 0.0036000000000000003, 0.0077, 0.005, 0.003, 0.0039000000000000003]","[-0.0077, -0.0085, 0.034, 0.0441, 0.017, 0.023200000000000002, 0.0665, 0.009300000000000001, 0.011600000000000001, 0.0425, 0.0224, 0.0263, 0.0858, 0.041800000000000004, -0.0023, -0.0023, -0.0008, 0.0015, -0.0015, -0.0015, -0.0008, -0.0015, -0.0015, 0.0224, 0.0077, 0.0023, 0.0217, 0.0217, 0.047900000000000005, 0.0534, 0.050300000000000004, 0.051800000000000006, 0.0526, 0.0023, 0.0015, 0.007, 0.0077, 0.0023, 0.0, 0.006200000000000001, -0.0023, -0.0031000000000000003, 0.0046, 0.0046, -0.0008, 0.0023, 0.0046, 0.0031000000000000003, 0.0039000000000000003]","[0.053200000000000004, 0.039900000000000005, -0.24630000000000002, -0.0666, -0.1597, -0.0067, -0.6456000000000001, -0.026600000000000002, -0.0799, -0.0732, -0.0932, -0.08650000000000001, -0.5458000000000001, -0.1131, 0.02, 0.0333, 0.1464, -0.8187000000000001, 0.10650000000000001, 0.0333, 0.1464, 0.0466, -0.0067, -0.0998, -0.0998, -0.0466, -0.1265, -0.1597, -0.21960000000000002, -0.2862, -0.17300000000000001, -0.213, -0.19970000000000002, -0.0599, -0.053200000000000004, -0.10650000000000001, -0.0932, -0.3461, -0.193, -0.2396, -0.193, -0.1131, -0.1464, -0.2263, -0.19970000000000002, -0.3528, -0.16640000000000002, -0.0998, -0.1131]",8.3061,-8.203,0.10310000000000001,6.6557,-0.1615,7.4487,606.5109,-14.94,-5.11
Ibuprofen,,"[-0.1384, -0.047, -0.1023, -0.0055000000000000005, -0.044500000000000005, -0.0505, -0.011300000000000001, -0.0698, 0.0023, -0.012, -0.1451, -0.11800000000000001, -0.033800000000000004, -0.037, -0.1428, 0.047900000000000005, 0.0517, 0.0522, 0.0419, 0.0529, 0.049300000000000004, 0.0446, 0.045200000000000004, 0.052500000000000005, 0.09480000000000001, 0.057800000000000004, 0.056400000000000006, 0.058100000000000006, 0.050100000000000006, 0.046900000000000004, 0.0495, 0.053, 0.0507]","[13.7203, 0.07, 4.2701, 2.8001, 8.8402, 10.6202, 0.51, 0.19, 3.9501, 30.3388, 34.7587, 14.5103, 8.3002, 10.0602, 15.0904, 15.06, 18.94, 9.93, 11.62, 13.92, 11.22, 15.52, 17.41, 11.2, 22.1399, 20.59, 11.48, 18.69, 9.34, 15.65, 16.62, 18.85, 18.74]","[None, None, None, None, None, None, None, None, None, None, None, None, None, None, None, None, None, None, None, None, None, None, None, None, None, None, None, None, None, None, None, None, None]","[0.0, 0.0, 0.0, 0.0, 0.0, 0.0, 0.0, 0.0, 0.0, -0.23, -0.41000000000000003, 0.0, 0.0, 0.0, 0.0, -0.03, -0.03, -0.02, -0.01, -0.03, -0.03, -0.03, -0.03, -0.06, -4.67, -0.06, -0.04, -0.07, -0.01, -0.02, -0.03, -0.03, -0.03]","[-0.009000000000000001, 0.002, -0.014, 0.069, 0.022, 0.033, 0.05, -0.004, 0.064, 0.064, 0.131, -0.014, 0.016, 0.033, -0.011, 0.014, 0.023, -0.012, 0.006, 0.037, 0.033, 0.064, 0.061, 0.048, 0.044, 0.037, 0.021, 0.033, 0.045, 0.064, 0.015, 0.021, 0.014]","[-0.012, 0.013000000000000001, 0.001, 0.047, 0.023, 0.021, 0.047, 0.01, 0.012, 0.036000000000000004, 0.08700000000000001, -0.01, 0.02, 0.02, -0.017, 0.034, 0.047, 0.01, 0.034, 0.059000000000000004, 0.044, 0.05, 0.051000000000000004, 0.04, 0.031, 0.039, 0.021, 0.031, 0.045, 0.048, 0.033, 0.053, 0.032]","[-0.0036000000000000003, 0.0023, -0.0038, 0.024, 0.008400000000000001, 0.011300000000000001, 0.0188, 0.0001, 0.018600000000000002, 0.021400000000000002, 0.0454, -0.0049, 0.0067, 0.0114, -0.005, 0.0078000000000000005, 0.0117, -0.002, 0.0056, 0.016900000000000002, 0.0142, 0.023100000000000002, 0.0224, 0.0176, 0.015300000000000001, 0.0145, 0.0081, 0.0125, 0.017400000000000002, 0.0228, 0.0079, 0.0119, 0.007500000000000001]","[-0.0061, 0.0014, -0.0095, 0.046700000000000005, 0.0149, 0.0224, 0.0339, -0.0027, 0.0434, 0.0434, 0.0887, -0.0095, 0.0108, 0.0224, -0.007500000000000001, 0.0095, 0.015600000000000001, -0.0081, 0.0041, 0.0251, 0.0224, 0.0434, 0.0413, 0.0325, 0.0298, 0.0251, 0.0142, 0.0224, 0.030500000000000003, 0.0434, 0.0102, 0.0142, 0.0095]","[0.0966, -0.1047, -0.0081, -0.3784, -0.1852, -0.1691, -0.3784, -0.0805, -0.0966, -0.2899, -0.7005, 0.0805, -0.161, -0.161, 0.1369, -0.2737, -0.3784, -0.0805, -0.2737, -0.47500000000000003, -0.3543, -0.4026, -0.4106, -0.3221, -0.24960000000000002, -0.314, -0.1691, -0.24960000000000002, -0.3623, -0.3865, -0.2657, -0.4267, -0.2576]",10.9379,-9.6264,1.3115,8.0514,-1.0343,1.5826,434.949,-9.89,-5.85
Indomethacin,,"[-0.1369, -0.0012000000000000001, -0.0369, -0.0349, -0.0222, 0.1087, -0.0292, -0.0328, -0.0044, -0.0442, -0.1335, 0.1542, -0.0465, -0.0184, -0.12340000000000001, -0.0352, -0.0446, -0.0063, -0.0385, -0.09390000000000001, -0.0679, -0.0989, 0.0097, -0.0076, -0.1525, 0.0673, 0.061900000000000004, 0.06570000000000001, 0.058, 0.0494, 0.0485, 0.055200000000000006, 0.051000000000000004, 0.0492, 0.0626, 0.0521, 0.051800000000000006, 0.0369, 0.06470000000000001, 0.0684, 0.0946]","[11.6503, 1.8599999999999999, 2.7500999999999998, 4.1901, 5.1601, 0.74, 3.6501, 1.6600000000000001, 9.4102, 14.3303, 5.0001, 69.6799, 11.1603, 7.2502, 30.0489, 13.6003, 15.1704, 6.5602, 17.9493, 18.8304, 6.7902000000000005, 8.0702, 6.5302, 20.3992, 37.1786, 6.25, 9.95, 8.55, 16.59, 19.08, 19.02, 12.06, 11.2, 19.55, 22.6899, 17.69, 15.08, 2.36, 12.42, 13.69, 22.1599]","[None, None, None, None, None, None, None, None, None, None, None, None, None, None, None, None, None, None, None, None, None, None, None, None, None, None, None, None, None, None, None, None, None, None, None, None, None, None, None, None, None]","[0.0, 0.0, 0.0, 0.0, 0.0, 0.0, 0.0, 0.0, 0.0, 0.0, 0.0, 0.0, 0.0, 0.0, -0.25, 0.0, 0.0, -0.01, -0.06, 0.0, 0.0, 0.0, -0.09, -0.11, -0.43, -0.07, -0.08, -0.04, -0.1, -0.14, -0.16, -0.08, -0.05, -0.07, -0.16, -0.06, -0.06, -0.01, -0.13, -0.13, -4.63]","[-0.013000000000000001, 0.018000000000000002, 0.026000000000000002, 0.014, 0.001, 0.014, 0.044, 0.028, 0.02, 0.017, 0.038, 0.095, 0.015, 0.019, 0.106, 0.006, 0.019, 0.017, 0.025, -0.011, 0.012, -0.008, 0.017, 0.022, 0.046, 0.025, 0.019, 0.01, 0.039, 0.048, 0.046, 0.035, 0.015, 0.035, 0.021, 0.01, 0.009000000000000001, 0.028, 0.028, 0.024, 0.021]","[-0.015, 0.028, 0.033, 0.015, 0.022, 0.032, 0.003, 0.006, 0.007, 0.01, 0.009000000000000001, 0.115, 0.009000000000000001, 0.002, 0.045, 0.02, 0.024, 0.024, 0.07200000000000001, -0.022, 0.03, -0.005, 0.005, 0.013000000000000001, 0.046, 0.028, 0.036000000000000004, 0.027, 0.021, 0.028, 0.024, 0.007, 0.039, 0.045, 0.037, 0.033, 0.031, 0.04, 0.027, 0.029, 0.02]","[-0.0083, 0.012400000000000001, 0.0167, 0.0085, 0.0034000000000000002, 0.0108, 0.0222, 0.0148, 0.0112, 0.010100000000000001, 0.0205, 0.061500000000000006, 0.0086, 0.0095, 0.0591, 0.0054, 0.012700000000000001, 0.0117, 0.020800000000000003, -0.0078000000000000005, 0.009600000000000001, -0.0049, 0.0092, 0.0123, 0.0286, 0.015600000000000001, 0.0135, 0.0079, 0.0221, 0.0275, 0.026000000000000002, 0.018500000000000003, 0.0122, 0.023, 0.0149, 0.0086, 0.0082, 0.0188, 0.017, 0.0158, 0.0126]","[-0.0166, 0.023, 0.0332, 0.0179, 0.0013000000000000002, 0.0179, 0.056100000000000004, 0.0357, 0.025500000000000002, 0.0217, 0.0485, 0.1212, 0.019100000000000002, 0.024200000000000003, 0.13520000000000001, 0.0077, 0.024200000000000003, 0.0217, 0.031900000000000005, -0.014, 0.015300000000000001, -0.0102, 0.0217, 0.0281, 0.0587, 0.031900000000000005, 0.024200000000000003, 0.0128, 0.0497, 0.061200000000000004, 0.0587, 0.0446, 0.019100000000000002, 0.0446, 0.0268, 0.0128, 0.0115, 0.0357, 0.0357, 0.030600000000000002, 0.0268]","[0.1109, -0.2071, -0.2441, -0.1109, -0.1627, -0.23670000000000002, -0.0222, -0.0444, -0.051800000000000006, -0.074, -0.0666, -0.8505, -0.0666, -0.0148, -0.33280000000000004, -0.1479, -0.17750000000000002, -0.17750000000000002, -0.5325, 0.1627, -0.22190000000000001, 0.037, -0.037, -0.0961, -0.3402, -0.2071, -0.26630000000000004, -0.19970000000000002, -0.1553, -0.2071, -0.17750000000000002, -0.051800000000000006, -0.2884, -0.33280000000000004, -0.2737, -0.2441, -0.2293, -0.2958, -0.19970000000000002, -0.21450000000000002, -0.1479]",8.1637,-8.4343,-0.2706,7.396,0.8052,3.6029,557.9589,-16.91,-6.93
Ketanserin,,"[-0.09620000000000001, 0.0654, -0.0403, -0.0159, -0.032600000000000004, 0.0016, -0.0358, 0.0155, -0.0596, -0.0792, -0.0906, 0.0656, -0.0998, -0.0765, -0.10020000000000001, -0.0546, 0.1198, -0.0758, 0.0687, -0.021, -0.0534, -0.0151, -0.035500000000000004, 0.0081, -0.0281, -0.043300000000000005, -0.15560000000000002, -0.1547, -0.1318, 0.056600000000000004, 0.0492, 0.0582, 0.0584, 0.051800000000000006, 0.0516, 0.056, 0.0366, 0.039900000000000005, 0.0472, 0.038400000000000004, 0.044500000000000005, 0.0522, 0.0407, 0.0504, 0.057100000000000005, 0.0634, 0.085, 0.0489, 0.0528, 0.0506, 0.0613]","[46.4691, 7.8502, 15.8004, 8.3802, 2.8101000000000003, 12.7803, 16.0204, 3.6101, 0.19, 3.2901, 2.9201, 0.0, 4.1301, 3.2101, 3.2901, 6.7702, 0.8, 5.0301, 4.49, 6.8402, 15.4804, 16.3004, 16.4804, 14.5203, 5.4101, 5.5401, 27.6389, 25.859, 31.4388, 20.59, 8.55, 14.6, 20.74, 3.56, 11.5, 16.03, 14.3, 3.54, 14.73, 13.93, 10.38, 13.7, 15.56, 5.6, 8.47, 14.34, 16.47, 18.54, 22.4199, 22.5199, 15.07]","[None, None, None, None, None, None, None, None, None, None, None, None, None, None, None, None, None, None, None, None, None, None, None, None, None, None, None, None, None, None, None, None, None, None, None, None, None, None, None, None, None, None, None, None, None, None, None, None, None, None, None]","[-0.36, -0.02, 0.0, 0.0, 0.0, 0.0, 0.0, 0.0, 0.0, 0.0, 0.0, 0.0, 0.0, 0.0, 0.0, 0.0, 0.0, -0.07, 0.0, 0.0, 0.0, 0.0, 0.0, 0.0, 0.0, -0.05, -0.28, -0.31, -0.22, -0.18, -0.08, -0.1, -0.16, -0.03, -0.02, -0.04, 0.0, -0.02, -0.03, 0.0, -0.04, -0.03, -0.01, -0.02, -0.07, -0.1, -1.24, -0.11, -0.13, -0.1, -0.08]","[0.041, 0.035, 0.012, 0.018000000000000002, 0.024, 0.017, 0.015, 0.036000000000000004, -0.002, -0.006, -0.006, -0.001, -0.005, -0.001, -0.006, -0.011, 0.022, 0.003, 0.013000000000000001, 0.014, 0.018000000000000002, 0.032, 0.011, 0.025, 0.02, 0.026000000000000002, 0.07, 0.036000000000000004, 0.089, 0.033, 0.026000000000000002, 0.032, 0.04, 0.017, 0.013000000000000001, 0.011, 0.017, 0.004, 0.011, 0.015, 0.004, 0.009000000000000001, 0.02, 0.003, 0.017, 0.016, 0.02, 0.036000000000000004, 0.044, 0.039, 0.035]","[0.027, 0.014, 0.007, 0.002, 0.005, 0.006, 0.009000000000000001, 0.008, 0.006, -0.011, -0.025, 0.129, -0.024, -0.008, -0.028, -0.008, 0.0, -0.002, 0.021, 0.009000000000000001, 0.013000000000000001, 0.011, 0.022, 0.009000000000000001, 0.009000000000000001, 0.0, 0.028, 0.015, 0.067, 0.019, 0.002, 0.014, 0.027, 0.016, 0.031, 0.032, 0.075, 0.053, 0.039, 0.066, 0.025, 0.03, 0.059000000000000004, 0.033, 0.015, 0.029, 0.02, 0.024, 0.029, 0.031, 0.022]","[0.0263, 0.0212, 0.0073, 0.0105, 0.0146, 0.010700000000000001, 0.0095, 0.021400000000000002, -0.0005, -0.005, -0.0058000000000000005, 0.0135, -0.0058000000000000005, -0.0018000000000000002, -0.006500000000000001, -0.0068000000000000005, 0.0126, 0.0012000000000000001, 0.0097, 0.0086, 0.0114, 0.019100000000000002, 0.0083, 0.015300000000000001, 0.012100000000000001, 0.0148, 0.043000000000000003, 0.0218, 0.058100000000000006, 0.020900000000000002, 0.0151, 0.0198, 0.0261, 0.0111, 0.0108, 0.010100000000000001, 0.0179, 0.008400000000000001, 0.0105, 0.0161, 0.0053, 0.008700000000000001, 0.0175, 0.0053, 0.011300000000000001, 0.0126, 0.013600000000000001, 0.023200000000000002, 0.0279, 0.0256, 0.0227]","[0.0585, 0.05, 0.0171, 0.0257, 0.034300000000000004, 0.024300000000000002, 0.021400000000000002, 0.0514, -0.0029000000000000002, -0.0086, -0.0086, -0.0014, -0.0071, -0.0014, -0.0086, -0.015700000000000002, 0.031400000000000004, 0.0043, 0.018600000000000002, 0.02, 0.0257, 0.045700000000000005, 0.015700000000000002, 0.0357, 0.0286, 0.0371, 0.0999, 0.0514, 0.12710000000000002, 0.0471, 0.0371, 0.045700000000000005, 0.057100000000000005, 0.024300000000000002, 0.018600000000000002, 0.015700000000000002, 0.024300000000000002, 0.0057, 0.015700000000000002, 0.021400000000000002, 0.0057, 0.0128, 0.0286, 0.0043, 0.024300000000000002, 0.0228, 0.0286, 0.0514, 0.06280000000000001, 0.0557, 0.05]","[-0.19690000000000002, -0.10210000000000001, -0.051000000000000004, -0.0146, -0.036500000000000005, -0.0437, -0.0656, -0.058300000000000005, -0.0437, 0.08020000000000001, 0.18230000000000002, -0.9405, 0.17500000000000002, 0.058300000000000005, 0.2041, 0.058300000000000005, 0.0, 0.0146, -0.1531, -0.0656, -0.09480000000000001, -0.08020000000000001, -0.16040000000000001, -0.0656, -0.0656, 0.0, -0.2041, -0.10940000000000001, -0.48850000000000005, -0.1385, -0.0146, -0.10210000000000001, -0.19690000000000002, -0.11670000000000001, -0.226, -0.2333, -0.5468000000000001, -0.3864, -0.2843, -0.4812, -0.18230000000000002, -0.2187, -0.4302, -0.2406, -0.10940000000000001, -0.2114, -0.1458, -0.17500000000000002, -0.2114, -0.226, -0.16040000000000001]",8.3748,-8.5332,-0.1585,7.291,1.1106,5.07,618.4892,-16.94,-3.92
Lamivudine,,"[0.013800000000000002, -0.0251, -0.059300000000000005, -0.08410000000000001, 0.13490000000000002, -0.0422, -0.1981, 0.296, -0.15, -0.055600000000000004, -0.07100000000000001, -0.0645, 0.0137, -0.089, -0.2013, 0.0742, 0.0862, 0.059800000000000006, 0.036000000000000004, 0.0472, 0.026500000000000003, 0.058800000000000005, 0.0422, 0.0455, 0.0611, 0.0444]","[20.2598, 8.5702, 17.3798, 8.6602, 0.91, 1.08, 5.1601, 39.7699, 0.81, 7.3997, 6.1201, 36.9686, 11.2203, 15.8504, 35.8086, 21.5999, 22.5699, 9.96, 15.36, 14.03, 16.28, 20.11, 17.12, 14.24, 12.18, 19.07]","[None, None, None, None, None, None, None, None, None, None, None, None, None, None, None, None, None, None, None, None, None, None, None, None, None, None]","[-0.04, -0.02, -0.08, -0.07, 0.0, 0.0, 0.0, 0.0, 0.0, -0.06, 0.0, -0.29, 0.0, -0.01, -0.55, -1.58, -1.6600000000000001, -0.02, -0.08, -0.08, -0.03, -0.14, -0.06, -2.54, -0.13, -0.18]","[0.043000000000000003, 0.047, 0.069, 0.007, 0.051000000000000004, -0.019, -0.02, 0.23, -0.008, 0.029, -0.012, 0.019, 0.049, 0.022, 0.07100000000000001, 0.045, 0.045, 0.04, 0.035, 0.04, 0.043000000000000003, 0.032, 0.018000000000000002, 0.004, 0.062, 0.061]","[0.034, 0.008, 0.111, 0.0, 0.04, -0.017, -0.044, 0.326, -0.03, 0.03, -0.012, 0.04, -0.001, 0.024, 0.077, 0.035, 0.03, 0.029, 0.047, 0.044, 0.052000000000000005, 0.041, 0.028, 0.011, 0.043000000000000003, 0.051000000000000004]","[0.020900000000000002, 0.019200000000000002, 0.0402, 0.0024000000000000002, 0.024200000000000003, -0.0094, -0.0131, 0.1285, -0.0068000000000000005, 0.0146, -0.0061, 0.012, 0.018600000000000002, 0.0114, 0.0367, 0.021500000000000002, 0.0212, 0.018600000000000002, 0.019200000000000002, 0.020800000000000003, 0.022600000000000002, 0.0171, 0.010400000000000001, 0.0032, 0.028800000000000003, 0.0296]","[0.0431, 0.0472, 0.0692, 0.007, 0.0512, -0.019100000000000002, -0.0201, 0.23070000000000002, -0.008, 0.0291, -0.012, 0.019100000000000002, 0.0492, 0.0221, 0.0712, 0.0451, 0.0451, 0.040100000000000004, 0.0351, 0.040100000000000004, 0.0431, 0.032100000000000004, 0.0181, 0.004, 0.062200000000000005, 0.061200000000000004]","[-0.2677, -0.063, -0.8741, 0.0, -0.315, 0.13390000000000002, 0.34650000000000003, -2.5671, 0.23620000000000002, -0.23620000000000002, 0.0945, -0.315, 0.0079, -0.189, -0.6063000000000001, -0.2756, -0.23620000000000002, -0.22840000000000002, -0.37010000000000004, -0.34650000000000003, -0.40950000000000003, -0.3229, -0.2205, -0.08660000000000001, -0.3386, -0.4016]",9.2969,-8.9264,0.3705,7.8744,0.05,6.6938,398.4873,-22.49,-7.5600000000000005
Lidocaine,,"[-0.13470000000000001, 0.006, -0.044500000000000005, -0.039, -0.0509, -0.0103, -0.1464, -0.033100000000000004, 0.0446, -0.0414, -0.1029, 0.06570000000000001, -0.1082, -0.1413, -0.10490000000000001, -0.132, -0.1406, 0.06330000000000001, 0.056, 0.054700000000000006, 0.046700000000000005, 0.0473, 0.046, 0.0618, 0.0572, 0.0594, 0.0534, 0.0629, 0.0363, 0.0466, 0.050100000000000006, 0.0546, 0.047400000000000005, 0.047400000000000005, 0.031400000000000004, 0.0347, 0.0541, 0.054, 0.0487]","[14.5403, 3.9001, 14.6503, 16.4204, 14.7903, 4.9701, 15.830400000000001, 3.5000999999999998, 0.04, 1.94, 3.0301, 1.29, 5.8301, 15.7504, 2.3901, 14.0103, 30.1688, 9.5, 4.03, 17.15, 17.58, 22.4099, 17.66, 14.63, 17.59, 17.09, 3.9699999999999998, 11.8, 8.99, 10.99, 16.35, 22.1399, 14.08, 12.65, 11.87, 3.15, 21.8899, 15.51, 13.3]","[None, None, None, None, None, None, None, None, None, None, None, None, None, None, None, None, None, None, None, None, None, None, None, None, None, None, None, None, None, None, None, None, None, None, None, None, None, None, None]","[0.0, 0.0, 0.0, 0.0, 0.0, 0.0, 0.0, 0.0, 0.0, 0.0, 0.0, 0.0, 0.0, 0.0, 0.0, 0.0, -0.29, -0.06, -0.02, -0.05, -0.03, -0.04, -0.04, -0.05, -0.07, -0.06, -0.24, -0.05, -0.01, -0.03, -0.02, -0.04, -0.02, -0.02, 0.0, -0.01, -0.06, -0.05, -0.03]","[-0.02, 0.03, 0.034, 0.057, 0.02, 0.051000000000000004, -0.024, 0.046, 0.027, 0.062, -0.009000000000000001, 0.011, -0.008, -0.008, -0.005, -0.008, 0.113, 0.025, 0.03, 0.041, 0.067, 0.074, 0.065, 0.032, 0.041, 0.041, 0.051000000000000004, 0.038, 0.034, 0.02, 0.009000000000000001, 0.019, 0.002, 0.01, 0.015, -0.017, 0.013000000000000001, 0.005, 0.017]","[-0.011, 0.022, 0.018000000000000002, 0.025, 0.024, 0.023, -0.015, 0.012, 0.02, 0.008, -0.021, 0.133, -0.018000000000000002, -0.008, -0.025, -0.014, 0.074, 0.028, 0.017, 0.034, 0.04, 0.045, 0.043000000000000003, 0.019, 0.025, 0.029, 0.024, 0.043000000000000003, 0.067, 0.042, 0.04, 0.044, 0.023, 0.027, 0.066, 0.026000000000000002, 0.03, 0.017, 0.024]","[-0.0063, 0.0098, 0.0103, 0.0167, 0.0076, 0.015, -0.0077, 0.0125, 0.008700000000000001, 0.016, -0.0046, 0.0179, -0.004, -0.0029000000000000002, -0.0041, -0.0036000000000000003, 0.0361, 0.0095, 0.0094, 0.0137, 0.0207, 0.023, 0.0207, 0.0098, 0.0128, 0.013300000000000001, 0.015, 0.0143, 0.0161, 0.0097, 0.007, 0.0098, 0.0033, 0.0054, 0.011, -0.001, 0.0068000000000000005, 0.0032, 0.0071]","[-0.010700000000000001, 0.0161, 0.0182, 0.030600000000000002, 0.010700000000000001, 0.0274, -0.0129, 0.0247, 0.0145, 0.0333, -0.0048000000000000004, 0.0059, -0.0043, -0.0043, -0.0027, -0.0043, 0.0606, 0.0134, 0.0161, 0.022, 0.0359, 0.0397, 0.0349, 0.0172, 0.022, 0.022, 0.0274, 0.0204, 0.0182, 0.010700000000000001, 0.0048000000000000004, 0.0102, 0.0011, 0.0054, 0.008, -0.0091, 0.007, 0.0027, 0.0091]","[0.0791, -0.1582, -0.12940000000000002, -0.17980000000000002, -0.1726, -0.16540000000000002, 0.10790000000000001, -0.0863, -0.1438, -0.0575, 0.151, -0.9563, 0.12940000000000002, 0.0575, 0.17980000000000002, 0.10070000000000001, -0.5321, -0.2013, -0.1222, -0.24450000000000002, -0.2876, -0.3236, -0.30920000000000003, -0.1366, -0.17980000000000002, -0.20850000000000002, -0.1726, -0.30920000000000003, -0.4818, -0.302, -0.2876, -0.3164, -0.16540000000000002, -0.19410000000000002, -0.4746, -0.187, -0.2157, -0.1222, -0.1726]",9.942,-8.7773,1.1646,7.1906,-1.1931,4.7566,467.3812,-7.69,-1.34
Mizolastine,,"[-0.1279, 0.0984, -0.048100000000000004, -0.0386, -0.026500000000000003, -0.06960000000000001, -0.0502, 0.0823, -0.214, -0.0635, -0.07100000000000001, -0.0936, -0.07060000000000001, -0.08700000000000001, 0.0541, -0.0694, -0.0454, -0.0476, -0.0471, 0.1105, -0.10020000000000001, -0.014400000000000001, -0.016, -0.0315, 0.0589, -0.1024, -0.0388, -0.0363, -0.061700000000000005, -0.054400000000000004, -0.0555, -0.0427, 0.06330000000000001, 0.0634, 0.06280000000000001, 0.0517, 0.0524, 0.06570000000000001, 0.0432, 0.054, 0.051000000000000004, 0.0507, 0.0521, 0.0538, 0.046900000000000004, 0.0487, 0.0621, 0.0584, 0.058800000000000005, 0.0548, 0.0572, 0.055400000000000005, 0.0466, 0.040600000000000004, 0.0408, 0.040600000000000004, 0.045200000000000004]","[13.2303, 0.03, 5.4601, 0.5700000000000001, 15.6604, 16.3304, 9.5302, 5.0699, 49.0881, 0.0, 3.7001, 3.6301, 3.6001000000000003, 6.6002, 1.6800000000000002, 0.0, 5.0199, 2.7801, 3.2401, 0.74, 2.4801, 2.2101, 7.8602, 14.1003, 7.3802, 46.5391, 14.7303, 8.8902, 8.2002, 15.7404, 16.2604, 11.1803, 15.59, 17.68, 17.45, 11.16, 21.38, 7.74, 7.13, 18.49, 4.19, 15.81, 8.26, 17.71, 2.23, 15.93, 14.4, 8.49, 12.84, 8.73, 20.73, 20.67, 17.53, 8.32, 22.3399, 22.3399, 19.33]","[None, None, None, None, None, None, None, None, None, None, None, None, None, None, None, None, None, None, None, None, None, None, None, None, None, None, None, None, None, None, None, None, None, None, None, None, None, None, None, None, None, None, None, None, None, None, None, None, None, None, None, None, None, None, None, None, None]","[0.0, 0.0, 0.0, 0.0, 0.0, -0.01, -0.05, 0.0, -0.74, 0.0, 0.0, 0.0, 0.0, 0.0, 0.0, 0.0, 0.0, 0.0, 0.0, 0.0, 0.0, 0.0, 0.0, 0.0, -0.02, -0.41000000000000003, 0.0, 0.0, 0.0, 0.0, 0.0, 0.0, -0.17, -0.1, -0.1, -0.04, -0.05, -0.58, -0.04, -0.06, -0.03, -0.07, -0.03, -0.05, -0.03, -0.06, -0.06, -0.1, -0.07, -0.04, -0.11, -0.12, -0.08, -0.01, -0.02, -0.02, -0.02]","[-0.016, 0.028, 0.021, 0.023, 0.032, 0.025, 0.017, 0.028, 0.066, -0.007, -0.002, -0.005, -0.002, -0.006, 0.009000000000000001, 0.011, 0.017, 0.005, -0.001, 0.008, -0.008, 0.021, 0.024, 0.026000000000000002, 0.025, 0.038, 0.028, 0.025, 0.01, 0.012, 0.008, 0.014, 0.02, 0.015, 0.016, 0.037, 0.041, 0.03, 0.018000000000000002, 0.013000000000000001, -0.003, 0.015, 0.006, 0.013000000000000001, -0.004, 0.015, 0.008, 0.022, 0.02, 0.034, 0.042, 0.044, 0.041, 0.012, 0.026000000000000002, 0.027, 0.022]","[-0.018000000000000002, 0.04, 0.004, 0.038, 0.006, 0.036000000000000004, 0.007, 0.014, 0.073, -0.008, -0.001, -0.012, 0.0, -0.013000000000000001, 0.069, 0.008, 0.038, 0.02, 0.023, 0.021, -0.008, -0.004, -0.002, 0.004, 0.01, 0.022, 0.007, 0.002, 0.011, 0.029, 0.018000000000000002, 0.013000000000000001, 0.021, 0.024, 0.025, 0.024, 0.039, 0.023, 0.024, 0.026000000000000002, 0.004, 0.03, 0.023, 0.026000000000000002, 0.004, 0.033, 0.022, 0.008, 0.018000000000000002, -0.006, 0.014, 0.019, 0.011, 0.035, 0.042, 0.039, 0.03]","[-0.0085, 0.0159, 0.008400000000000001, 0.0135, 0.013300000000000001, 0.0145, 0.007500000000000001, 0.012700000000000001, 0.0346, -0.004, -0.0012000000000000001, -0.0037, -0.0008, -0.0037, 0.012100000000000001, 0.0056, 0.0111, 0.004200000000000001, 0.0025, 0.0055000000000000005, -0.0041, 0.008, 0.0091, 0.010700000000000001, 0.0108, 0.0176, 0.011600000000000001, 0.0098, 0.005, 0.0081, 0.0054, 0.0074, 0.010700000000000001, 0.0091, 0.0091, 0.0172, 0.020900000000000002, 0.0149, 0.01, 0.0086, -0.0009000000000000001, 0.0094, 0.0055000000000000005, 0.0081, -0.0011, 0.01, 0.0059, 0.009600000000000001, 0.010100000000000001, 0.0125, 0.0182, 0.0198, 0.017400000000000002, 0.0088, 0.0154, 0.0154, 0.0123]","[-0.0145, 0.025400000000000002, 0.019, 0.020800000000000003, 0.029, 0.0227, 0.0154, 0.025400000000000002, 0.059800000000000006, -0.0063, -0.0018000000000000002, -0.0045000000000000005, -0.0018000000000000002, -0.0054, 0.0082, 0.01, 0.0154, 0.0045000000000000005, -0.0009000000000000001, 0.007200000000000001, -0.007200000000000001, 0.019, 0.0217, 0.0236, 0.0227, 0.0344, 0.025400000000000002, 0.0227, 0.0091, 0.0109, 0.007200000000000001, 0.012700000000000001, 0.0181, 0.013600000000000001, 0.0145, 0.0335, 0.037200000000000004, 0.027200000000000002, 0.016300000000000002, 0.0118, -0.0027, 0.013600000000000001, 0.0054, 0.0118, -0.0036000000000000003, 0.013600000000000001, 0.007200000000000001, 0.0199, 0.0181, 0.0308, 0.0381, 0.039900000000000005, 0.037200000000000004, 0.0109, 0.0236, 0.0245, 0.0199]","[0.1246, -0.27690000000000003, -0.027700000000000002, -0.2631, -0.0415, -0.2492, -0.0485, -0.0969, -0.5054000000000001, 0.055400000000000005, 0.006900000000000001, 0.08310000000000001, 0.0, 0.09, -0.4777, -0.055400000000000005, -0.2631, -0.1385, -0.1592, -0.1454, 0.055400000000000005, 0.027700000000000002, 0.013800000000000002, -0.027700000000000002, -0.0692, -0.15230000000000002, -0.0485, -0.013800000000000002, -0.0762, -0.2008, -0.1246, -0.09, -0.1454, -0.16620000000000001, -0.1731, -0.16620000000000001, -0.27, -0.1592, -0.16620000000000001, -0.18, -0.027700000000000002, -0.20770000000000002, -0.1592, -0.18, -0.027700000000000002, -0.2285, -0.15230000000000002, -0.055400000000000005, -0.1246, 0.0415, -0.0969, -0.1315, -0.0762, -0.24230000000000002, -0.2908, -0.27, -0.20770000000000002]",8.9882,-8.136,0.8522000000000001,6.9231,0.1067,8.0207,658.0007,-21.5,-3.25
Nevirapine,,"[-0.14020000000000002, 0.0077, -0.0492, 0.055, -0.0388, -0.0329, -0.031100000000000003, 0.0825, -0.0448, 0.0002, -0.046, -0.057600000000000005, -0.0609, -0.0688, -0.0698, -0.0068000000000000005, -0.0369, -0.05, 0.0109, -0.17500000000000002, 0.0634, 0.0661, 0.0651, 0.07350000000000001, 0.0485, 0.049100000000000005, 0.040400000000000005, 0.0461, 0.049, 0.0461, 0.047900000000000005, 0.0487, 0.049600000000000005, 0.058800000000000005]","[15.8004, 4.9301, 5.1601, 4.02, 7.2602, 4.4401, 2.6701, 0.31, 2.6201, 6.5899, 18.0304, 15.0104, 0.04, 11.7503, 11.7503, 6.1699, 18.0604, 17.0604, 13.5903, 39.9985, 17.09, 16.76, 18.02, 7.1, 22.9299, 17.99, 15.47, 21.9899, 16.44, 21.9599, 16.44, 23.0399, 22.7899, 14.56]","[None, None, None, None, None, None, None, None, None, None, None, None, None, None, None, None, None, None, None, None, None, None, None, None, None, None, None, None, None, None, None, None, None, None]","[0.0, 0.0, 0.0, 0.0, -0.05, 0.0, 0.0, 0.0, 0.0, 0.0, 0.0, 0.0, 0.0, 0.0, 0.0, 0.0, 0.0, 0.0, 0.0, -0.48, -0.09, -0.08, -0.09, -0.55, -0.08, -0.07, -0.06, -0.09, -0.04, -0.09, -0.04, -0.1, -0.09, -0.06]","[-0.019, 0.032, 0.025, 0.024, 0.042, 0.034, 0.019, 0.021, 0.01, 0.049, 0.033, 0.017, -0.015, -0.001, 0.0, 0.057, 0.042, 0.019, 0.029, 0.113, 0.032, 0.021, 0.03, 0.036000000000000004, 0.055, 0.05, 0.016, 0.021, 0.005, 0.022, 0.008, 0.066, 0.058, 0.048]","[-0.018000000000000002, 0.024, 0.023, 0.036000000000000004, 0.005, 0.025, 0.0, 0.073, 0.006, 0.064, 0.018000000000000002, 0.025, -0.016, 0.002, 0.003, 0.075, 0.01, 0.031, 0.012, 0.07200000000000001, 0.032, 0.026000000000000002, 0.033, 0.036000000000000004, 0.055, 0.051000000000000004, 0.049, 0.03, 0.018000000000000002, 0.03, 0.017, 0.057, 0.053, 0.045]","[-0.0099, 0.016300000000000002, 0.013300000000000001, 0.0145, 0.0184, 0.017, 0.0082, 0.0178, 0.0049, 0.0281, 0.016300000000000002, 0.0102, -0.008, -0.0004, 0.0001, 0.033100000000000004, 0.0187, 0.0118, 0.013300000000000001, 0.0557, 0.0173, 0.0122, 0.016300000000000002, 0.0195, 0.0297, 0.0269, 0.0125, 0.0122, 0.004, 0.0129, 0.0057, 0.034300000000000004, 0.031, 0.0253]","[-0.0196, 0.0329, 0.0257, 0.0247, 0.0432, 0.035, 0.0196, 0.0216, 0.0103, 0.0504, 0.034, 0.0175, -0.0154, -0.001, 0.0, 0.0587, 0.0432, 0.0196, 0.0298, 0.1163, 0.0329, 0.0216, 0.0309, 0.0371, 0.056600000000000004, 0.051500000000000004, 0.0165, 0.0216, 0.0051, 0.022600000000000002, 0.0082, 0.0679, 0.0597, 0.0494]","[0.13190000000000002, -0.1758, -0.1685, -0.26380000000000003, -0.0366, -0.1832, 0.0, -0.5348, -0.044, -0.46890000000000004, -0.13190000000000002, -0.1832, 0.11720000000000001, -0.014700000000000001, -0.022, -0.5495, -0.0733, -0.22710000000000002, -0.0879, -0.5275000000000001, -0.23450000000000001, -0.1905, -0.24180000000000001, -0.26380000000000003, -0.403, -0.37370000000000003, -0.359, -0.21980000000000002, -0.13190000000000002, -0.21980000000000002, -0.1246, -0.4176, -0.38830000000000003, -0.3297]",7.9297,-7.9328,-0.0031000000000000003,7.3267,0.2869,2.7084,457.8412,-9.82,-2.1
Omeprazole,,"[-0.1373, -0.0097, 0.0026000000000000003, -0.051800000000000006, -0.0877, -0.0236, -0.1443, -0.052000000000000005, -0.0071, -0.052700000000000004, -0.17830000000000001, 0.7718, -0.1693, -0.059500000000000004, -0.0392, -0.0402, 0.08, -0.0497, -0.061200000000000004, -0.0012000000000000001, -0.039400000000000004, -0.096, -0.0448, -0.5501, 0.0604, 0.0603, 0.0601, 0.0494, 0.0506, 0.061700000000000005, 0.06380000000000001, 0.057600000000000005, 0.0453, 0.048400000000000006, 0.0458, 0.054, 0.0767, 0.0475, 0.040100000000000004, 0.051800000000000006, 0.0521, 0.0627, 0.0523]","[15.2104, 4.2600999999999996, 3.8401, 12.2595, 16.5504, 3.3301, 13.0403, 16.5904, 15.8598, 3.6401, 4.6901, 12.35, 3.9901, 14.9998, 6.9502, 7.1502, 7.3299, 16.4304, 11.8303, 6.5202, 17.9693, 18.8104, 15.0704, 35.0987, 18.68, 17.79, 13.3, 13.01, 12.38, 22.6999, 12.16, 11.17, 9.44, 19.03, 7.54, 12.99, 14.19, 21.04, 11.76, 17.68, 17.72, 22.6699, 19.07]","[None, None, None, None, None, None, None, None, None, None, None, None, None, None, None, None, None, None, None, None, None, None, None, None, None, None, None, None, None, None, None, None, None, None, None, None, None, None, None, None, None, None, None]","[0.0, 0.0, 0.0, -0.07, 0.0, 0.0, 0.0, 0.0, -0.05, 0.0, 0.0, 0.0, 0.0, -0.06, 0.0, 0.0, 0.0, 0.0, 0.0, -0.01, -0.06, 0.0, 0.0, -0.65, -0.07, -0.08, -0.07, -0.03, -0.03, -0.15, -0.09, -0.07, -0.06, -0.06, -0.11, -0.14, -0.87, -0.08, -0.05, -0.06, -0.06, -0.17, -0.11]","[-0.015, 0.037, 0.028, 0.021, -0.01, 0.012, -0.013000000000000001, 0.006, 0.051000000000000004, 0.022, -0.015, 0.14, 0.015, 0.053, 0.01, 0.008, 0.028, 0.031, 0.026000000000000002, 0.021, 0.028, -0.014, 0.03, 0.014, 0.027, 0.03, 0.024, 0.008, 0.012, 0.024, 0.026000000000000002, 0.012, 0.013000000000000001, 0.04, 0.027, 0.027, 0.03, 0.044, 0.046, 0.014, 0.014, 0.025, 0.041]","[-0.013000000000000001, 0.026000000000000002, 0.011, 0.028, -0.012, 0.017, -0.01, 0.004, 0.089, 0.003, -0.011, 0.094, -0.005, 0.029, 0.013000000000000001, 0.027, 0.023, 0.018000000000000002, 0.017, 0.025, 0.074, -0.021, 0.022, 0.026000000000000002, 0.027, 0.03, 0.027, 0.01, 0.016, 0.024, 0.028, 0.017, 0.019, 0.046, 0.025, 0.018000000000000002, 0.024, 0.038, 0.037, 0.035, 0.034, 0.034, 0.036000000000000004]","[-0.0079, 0.0189, 0.013300000000000001, 0.012, -0.0057, 0.0068000000000000005, -0.0064, 0.003, 0.0323, 0.0098, -0.0076, 0.07, 0.0056, 0.0257, 0.0055000000000000005, 0.007, 0.0148, 0.0154, 0.0132, 0.0119, 0.020900000000000002, -0.008700000000000001, 0.0152, 0.0091, 0.0146, 0.0162, 0.013600000000000001, 0.0046, 0.007, 0.013000000000000001, 0.0143, 0.0074, 0.0078000000000000005, 0.0224, 0.014400000000000001, 0.013800000000000002, 0.0155, 0.023100000000000002, 0.024, 0.0099, 0.010100000000000001, 0.014400000000000001, 0.0218]","[-0.0151, 0.037200000000000004, 0.028200000000000003, 0.0211, -0.010100000000000001, 0.012100000000000001, -0.0131, 0.006, 0.051300000000000005, 0.0221, -0.0151, 0.1408, 0.0151, 0.0533, 0.010100000000000001, 0.008, 0.028200000000000003, 0.031200000000000002, 0.0261, 0.0211, 0.028200000000000003, -0.014100000000000001, 0.0302, 0.014100000000000001, 0.027100000000000003, 0.0302, 0.0241, 0.008, 0.012100000000000001, 0.0241, 0.0261, 0.012100000000000001, 0.0131, 0.0402, 0.027100000000000003, 0.027100000000000003, 0.0302, 0.0442, 0.0463, 0.014100000000000001, 0.014100000000000001, 0.0251, 0.0412]","[0.093, -0.18610000000000002, -0.0787, -0.20040000000000002, 0.0859, -0.1216, 0.0716, -0.0286, -0.6369, -0.021500000000000002, 0.0787, -0.6726000000000001, 0.0358, -0.20750000000000002, -0.093, -0.1932, -0.1646, -0.1288, -0.1216, -0.1789, -0.5295, 0.15030000000000002, -0.1574, -0.18610000000000002, -0.1932, -0.2147, -0.1932, -0.0716, -0.1145, -0.17170000000000002, -0.20040000000000002, -0.1216, -0.136, -0.3292, -0.1789, -0.1288, -0.17170000000000002, -0.27190000000000003, -0.26480000000000004, -0.2505, -0.24330000000000002, -0.24330000000000002, -0.2576]",8.5178,-8.521,-0.0033,7.1558,0.2808,1.5136,578.0903,-16.47,-3.2
Palbociclib,,"[-0.1338, 0.033800000000000004, -0.0368, 0.0284, -0.1283, -0.0641, -0.012400000000000001, -0.0475, -0.0396, 0.0596, -0.0482, -0.0023, -0.0541, -0.0453, -0.026500000000000003, -0.0634, 0.0787, -0.09280000000000001, -0.097, 0.0012000000000000001, -0.0988, -0.0932, -0.013800000000000002, -0.0167, 0.1217, -0.022600000000000002, -0.0708, -0.0756, -0.0843, -0.0728, -0.054200000000000005, -0.1588, -0.1413, 0.0603, 0.0648, 0.0683, 0.06760000000000001, 0.065, 0.06280000000000001, 0.051300000000000005, 0.0709, 0.0408, 0.0472, 0.046, 0.042, 0.052700000000000004, 0.0511, 0.05, 0.0378, 0.0485, 0.0505, 0.044, 0.045200000000000004, 0.026600000000000002, 0.046, 0.0531, 0.0504, 0.0419, 0.0425, 0.0454, 0.046200000000000005, 0.052500000000000005]","[17.8204, 2.05, 2.5901, 4.5601, 13.4303, 5.2001, 14.3703, 19.9298, 9.5302, 6.3799, 8.1502, 4.09, 11.0103, 4.5901, 12.5803, 15.4304, 0.62, 2.8301, 6.7802, 14.7498, 7.0102, 4.4201, 3.26, 6.5001999999999995, 0.07, 0.0, 6.4802, 7.5602, 7.4602, 5.7201, 2.9301, 8.9697, 37.3486, 20.05, 18.86, 9.71, 17.03, 17.22, 8.22, 12.93, 14.04, 0.62, 13.23, 18.3, 14.93, 11.68, 21.35, 16.92, 17.1, 16.19, 21.4299, 16.28, 10.21, 0.0, 14.73, 12.26, 11.63, 21.26, 11.55, 21.4799, 17.09, 9.27]","[None, None, None, None, None, None, None, None, None, None, None, None, None, None, None, None, None, None, None, None, None, None, None, None, None, None, None, None, None, None, None, None, None, None, None, None, None, None, None, None, None, None, None, None, None, None, None, None, None, None, None, None, None, None, None, None, None, None, None, None, None, None]","[0.0, 0.0, 0.0, 0.0, 0.0, 0.0, 0.0, -0.06, -0.04, 0.0, -0.01, 0.0, 0.0, 0.0, 0.0, 0.0, 0.0, 0.0, 0.0, -0.05, 0.0, 0.0, 0.0, -0.02, 0.0, 0.0, 0.0, 0.0, 0.0, 0.0, 0.0, -0.15, -0.35000000000000003, -0.14, -0.15, -0.17, -0.12, -0.12, -0.05, -0.08, -0.97, -0.01, -0.04, -0.06, -0.01, -0.03, -0.05, -0.05, -0.46, -0.05, -0.05, -0.01, -0.03, -0.01, -0.03, -0.02, -0.03, -0.04, -0.03, -0.04, -0.03, -0.03]","[-0.013000000000000001, 0.02, 0.035, 0.049, -0.019, 0.013000000000000001, 0.034, 0.046, 0.026000000000000002, 0.019, 0.006, 0.024, 0.004, 0.023, 0.015, 0.011, 0.022, -0.006, -0.003, 0.007, -0.004, -0.006, 0.043000000000000003, 0.007, 0.028, -0.006, -0.004, -0.004, -0.004, -0.003, 0.014, 0.066, 0.07, 0.033, 0.025, 0.026000000000000002, 0.035, 0.035, 0.025, 0.049, 0.025, 0.022, 0.032, 0.026000000000000002, 0.011, 0.001, 0.012, 0.006, 0.006, 0.006, 0.014, 0.014, 0.005, 0.005, 0.013000000000000001, 0.001, 0.005, 0.018000000000000002, 0.009000000000000001, 0.017, 0.009000000000000001, 0.002]","[-0.003, 0.006, 0.018000000000000002, 0.009000000000000001, -0.008, 0.018000000000000002, 0.003, 0.042, 0.0, 0.022, 0.015, 0.041, 0.011, 0.008, 0.013000000000000001, 0.013000000000000001, 0.063, -0.012, -0.011, 0.059000000000000004, -0.011, -0.013000000000000001, 0.038, 0.003, 0.012, 0.001, -0.003, -0.004, -0.002, -0.003, 0.004, 0.041, 0.052000000000000005, 0.023, 0.017, 0.015, 0.017, 0.018000000000000002, 0.015, 0.032, 0.024, 0.028, 0.031, 0.035, 0.035, 0.023, 0.031, 0.025, 0.028, 0.025, 0.033, 0.036000000000000004, 0.026000000000000002, -0.004, 0.007, 0.008, 0.008, 0.012, 0.001, 0.014, 0.006, 0.01]","[-0.0073, 0.0115, 0.0206, 0.0274, -0.0115, 0.008700000000000001, 0.019, 0.029500000000000002, 0.014, 0.0131, 0.0053, 0.0179, 0.0037, 0.013600000000000001, 0.009600000000000001, 0.0074, 0.0193, -0.0046, -0.0029000000000000002, 0.0105, -0.0031000000000000003, -0.0044, 0.027800000000000002, 0.0041, 0.0164, -0.0034000000000000002, -0.0022, -0.0026000000000000003, -0.0024000000000000002, -0.002, 0.008, 0.039900000000000005, 0.0436, 0.0204, 0.0154, 0.0154, 0.020800000000000003, 0.0212, 0.0152, 0.0303, 0.0165, 0.015, 0.0204, 0.0183, 0.0099, 0.0031000000000000003, 0.0097, 0.0057, 0.0064, 0.0057, 0.011, 0.011600000000000001, 0.006, 0.0026000000000000003, 0.0078000000000000005, 0.0018000000000000002, 0.0033, 0.0111, 0.005, 0.0111, 0.005200000000000001, 0.0022]","[-0.015700000000000002, 0.0241, 0.042300000000000004, 0.0592, -0.0229, 0.015700000000000002, 0.041, 0.0555, 0.031400000000000004, 0.0229, 0.007200000000000001, 0.029, 0.0048000000000000004, 0.027800000000000002, 0.0181, 0.013300000000000001, 0.026600000000000002, -0.007200000000000001, -0.0036000000000000003, 0.0085, -0.0048000000000000004, -0.007200000000000001, 0.0519, 0.0085, 0.033800000000000004, -0.007200000000000001, -0.0048000000000000004, -0.0048000000000000004, -0.0048000000000000004, -0.0036000000000000003, 0.016900000000000002, 0.07970000000000001, 0.0845, 0.0398, 0.0302, 0.031400000000000004, 0.042300000000000004, 0.042300000000000004, 0.0302, 0.0592, 0.0302, 0.026600000000000002, 0.0386, 0.031400000000000004, 0.013300000000000001, 0.0012000000000000001, 0.0145, 0.007200000000000001, 0.007200000000000001, 0.007200000000000001, 0.016900000000000002, 0.016900000000000002, 0.006, 0.006, 0.015700000000000002, 0.0012000000000000001, 0.006, 0.0217, 0.0109, 0.0205, 0.0109, 0.0024000000000000002]","[0.0196, -0.0393, -0.1178, -0.0589, 0.0523, -0.1178, -0.0196, -0.2748, 0.0, -0.1439, -0.0981, -0.2682, -0.07200000000000001, -0.0523, -0.08510000000000001, -0.08510000000000001, -0.4122, 0.0785, 0.07200000000000001, -0.386, 0.07200000000000001, 0.08510000000000001, -0.24860000000000002, -0.0196, -0.0785, -0.006500000000000001, 0.0196, 0.0262, 0.0131, 0.0196, -0.0262, -0.2682, -0.3402, -0.1505, -0.11120000000000001, -0.0981, -0.11120000000000001, -0.1178, -0.0981, -0.2094, -0.157, -0.1832, -0.2028, -0.229, -0.229, -0.1505, -0.2028, -0.1636, -0.1832, -0.1636, -0.2159, -0.23550000000000001, -0.1701, 0.0262, -0.0458, -0.0523, -0.0523, -0.0785, -0.006500000000000001, -0.0916, -0.0393, -0.0654]",6.6915,-7.5277,-0.8361000000000001,6.5424,0.8636,7.5535,689.9909,-18.31,-3.56
Paracetamol,,"[-0.1564, -0.0246, -0.1363, 0.0422, -0.023200000000000002, -0.0568, -0.0461, 0.004, -0.052000000000000005, -0.050300000000000004, -0.022, 0.0713, 0.0627, 0.062, 0.0616, 0.0439, 0.0507, 0.0722, 0.0487, 0.0483]","[35.1887, 8.5902, 18.0104, 5.4499, 6.8002, 15.0504, 15.580400000000001, 7.3502, 36.0986, 15.2204, 13.4103, 19.91, 20.48, 20.21, 10.51, 17.72, 20.18, 18.81, 18.51, 8.62]","[None, None, None, None, None, None, None, None, None, None, None, None, None, None, None, None, None, None, None, None]","[-0.47000000000000003, -0.05, 0.0, 0.0, 0.0, 0.0, 0.0, -0.01, -0.26, 0.0, 0.0, -0.13, -0.16, -0.16, -0.62, -0.06, -0.08, -3.19, -0.04, -0.05]","[0.125, 0.07, -0.026000000000000002, 0.029, 0.041, 0.044, 0.034, 0.056, 0.055, 0.036000000000000004, 0.033, 0.048, 0.053, 0.052000000000000005, 0.049, 0.07, 0.07200000000000001, 0.039, 0.07, 0.052000000000000005]","[0.111, 0.014, -0.014, 0.068, 0.048, 0.028, 0.035, 0.053, 0.11, 0.031, 0.031, 0.042, 0.044, 0.044, 0.053, 0.064, 0.068, 0.052000000000000005, 0.065, 0.053]","[0.0449, 0.0195, -0.0083, 0.0155, 0.0159, 0.0145, 0.0126, 0.0207, 0.0267, 0.013000000000000001, 0.012, 0.0172, 0.0188, 0.0184, 0.0187, 0.0253, 0.0263, 0.0158, 0.0256, 0.0193]","[0.0786, 0.044, -0.016300000000000002, 0.0182, 0.0258, 0.027700000000000002, 0.021400000000000002, 0.0352, 0.0346, 0.022600000000000002, 0.020800000000000003, 0.0302, 0.0333, 0.0327, 0.0308, 0.044, 0.0453, 0.0245, 0.044, 0.0327]","[-0.8798, -0.111, 0.111, -0.539, -0.3805, -0.22190000000000001, -0.27740000000000004, -0.42010000000000003, -0.8719, -0.2457, -0.2457, -0.33290000000000003, -0.3488, -0.3488, -0.42010000000000003, -0.5073, -0.539, -0.4122, -0.5152, -0.42010000000000003]",10.2778,-8.7278,1.55,7.9263,-1.164,2.2855,331.6992,-13.17,-5.26
Quinine,,"[-0.045700000000000005, -0.0614, -0.0687, 0.0666, -0.0994, -0.0893, -0.0891, -0.067, -0.0307, -0.09050000000000001, -0.0458, -0.08220000000000001, 0.0056, -0.0603, -0.0531, -0.009600000000000001, -0.0431, -0.0181, -0.0388, 0.00030000000000000003, -0.033800000000000004, -0.09340000000000001, -0.0519, -0.0279, 0.059500000000000004, 0.0463, 0.0489, 0.049300000000000004, 0.047400000000000005, 0.0468, 0.0466, 0.0454, 0.0393, 0.0485, 0.041100000000000005, 0.0346, 0.0415, 0.0424, 0.049300000000000004, 0.0463, 0.044500000000000005, 0.0451, 0.0429, 0.052700000000000004, 0.0634, 0.0523, 0.0427, 0.0504]","[12.8795, 0.17, 0.0, 0.0, 6.6902, 6.6202000000000005, 1.05, 0.39, 8.3202, 26.1906, 0.26, 2.4601, 1.28, 10.7003, 18.6204, 19.6898, 6.5502, 2.3701, 4.1001, 6.2301, 13.1895, 18.8004, 12.0003, 15.2704, 18.57, 10.79, 4.93, 14.93, 16.44, 17.94, 15.89, 11.07, 2.42, 13.18, 19.12, 11.56, 22.7799, 12.78, 4.0, 17.73, 16.59, 22.8899, 0.97, 17.69, 22.759900000000002, 17.59, 12.13, 19.74]","[None, None, None, None, None, None, None, None, None, None, None, None, None, None, None, None, None, None, None, None, None, None, None, None, None, None, None, None, None, None, None, None, None, None, None, None, None, None, None, None, None, None, None, None, None, None, None, None]","[-0.15, 0.0, 0.0, 0.0, 0.0, 0.0, 0.0, 0.0, 0.0, -0.01, 0.0, 0.0, 0.0, 0.0, 0.0, -0.04, 0.0, 0.0, 0.0, -0.01, -0.05, 0.0, 0.0, 0.0, -2.8, 0.0, 0.0, -0.03, -0.02, -0.02, -0.02, -0.01, -0.01, -0.02, -0.02, -0.02, -0.03, -0.01, -0.01, -0.01, -0.02, -0.04, -0.02, -0.06, -0.16, -0.06, -0.05, -0.1]","[0.016, -0.007, 0.002, -0.01, -0.004, -0.005, -0.004, -0.003, 0.015, 0.016, -0.003, -0.004, 0.065, 0.029, 0.024, 0.096, 0.01, 0.015, 0.037, 0.032, 0.036000000000000004, -0.018000000000000002, 0.033, 0.043000000000000003, 0.01, 0.031, 0.005, 0.011, 0.002, 0.017, 0.01, 0.008, -0.003, 0.02, 0.021, 0.023, 0.029, 0.017, 0.007, 0.016, 0.063, 0.067, 0.049, 0.018000000000000002, 0.031, 0.019, 0.06, 0.059000000000000004]","[0.007, -0.001, -0.008, 0.101, -0.015, -0.006, -0.012, 0.006, 0.002, 0.015, -0.009000000000000001, -0.003, 0.006, 0.012, 0.006, 0.088, 0.008, 0.008, 0.009000000000000001, 0.016, 0.036000000000000004, -0.015, 0.011, 0.015, 0.019, 0.03, 0.027, 0.031, 0.033, 0.037, 0.03, 0.035, 0.027, 0.033, 0.025, 0.021, 0.036000000000000004, 0.048, 0.025, 0.037, 0.036000000000000004, 0.047, 0.013000000000000001, 0.02, 0.023, 0.023, 0.034, 0.033]","[0.0066, -0.0028, -0.0002, 0.0086, -0.0031000000000000003, -0.0024000000000000002, -0.003, -0.0001, 0.0061, 0.0081, -0.0023, -0.0016, 0.025, 0.0122, 0.0098, 0.0471, 0.0048000000000000004, 0.0064, 0.0151, 0.014, 0.018000000000000002, -0.008400000000000001, 0.013800000000000002, 0.0181, 0.0064, 0.0152, 0.0053, 0.008, 0.0046, 0.011, 0.007500000000000001, 0.0071, 0.0022, 0.0114, 0.011, 0.011300000000000001, 0.0152, 0.0126, 0.0058000000000000005, 0.0109, 0.028, 0.031100000000000003, 0.0201, 0.009300000000000001, 0.0145, 0.01, 0.0268, 0.0263]","[0.0135, -0.0059, 0.0017000000000000001, -0.008400000000000001, -0.0034000000000000002, -0.004200000000000001, -0.0034000000000000002, -0.0025, 0.0126, 0.0135, -0.0025, -0.0034000000000000002, 0.0548, 0.0244, 0.020200000000000003, 0.0809, 0.008400000000000001, 0.0126, 0.031200000000000002, 0.027, 0.0303, -0.0152, 0.027800000000000002, 0.0362, 0.008400000000000001, 0.0261, 0.004200000000000001, 0.009300000000000001, 0.0017000000000000001, 0.0143, 0.008400000000000001, 0.0067, -0.0025, 0.016800000000000002, 0.0177, 0.0194, 0.0244, 0.0143, 0.0059, 0.0135, 0.0531, 0.056400000000000006, 0.0413, 0.0152, 0.0261, 0.016, 0.0505, 0.0497]","[-0.047, 0.0067, 0.053700000000000005, -0.6779000000000001, 0.10070000000000001, 0.0403, 0.0805, -0.0403, -0.0134, -0.10070000000000001, 0.0604, 0.0201, -0.0403, -0.0805, -0.0403, -0.5906, -0.053700000000000005, -0.053700000000000005, -0.0604, -0.10740000000000001, -0.2416, 0.10070000000000001, -0.0738, -0.10070000000000001, -0.1275, -0.2013, -0.1812, -0.2081, -0.2215, -0.24830000000000002, -0.2013, -0.2349, -0.1812, -0.2215, -0.1678, -0.1409, -0.2416, -0.32220000000000004, -0.1678, -0.24830000000000002, -0.2416, -0.3154, -0.0872, -0.1342, -0.1544, -0.1544, -0.22820000000000001, -0.2215]",8.4223,-8.5815,-0.1592,6.7115,0.009300000000000001,1.2398,538.3214,-9.59,-3.75
Ribavirin,,"[-0.06430000000000001, -0.0587, -0.0347, -0.0358, -0.031900000000000005, -0.0356, 0.1173, -0.036000000000000004, -0.0794, -0.0637, -0.045700000000000005, 0.010400000000000001, -0.163, -0.0023, -0.0529, -0.058800000000000005, -0.053, 0.057600000000000005, 0.0507, 0.052700000000000004, 0.056900000000000006, 0.055200000000000006, 0.0511, 0.0616, 0.0413, 0.07970000000000001, 0.0626, 0.0543, 0.06420000000000001]","[9.8796, 5.7501, 0.5700000000000001, 1.0, 0.71, 0.23, 0.36, 14.4703, 17.5998, 8.2902, 9.8002, 19.8298, 47.0882, 17.4598, 16.4294, 33.5187, 27.5589, 23.6799, 19.9, 18.05, 16.53, 14.96, 7.39, 11.7, 4.8, 24.1699, 14.36, 11.34, 13.74]","[None, None, None, None, None, None, None, None, None, None, None, None, None, None, None, None, None, None, None, None, None, None, None, None, None, None, None, None, None]","[0.0, 0.0, 0.0, 0.0, 0.0, 0.0, 0.0, -0.01, -0.06, -0.01, -0.05, -0.06, -0.63, -0.04, -0.07, -0.30000000000000004, -0.29, -3.56, -0.06, -0.06, -0.11, -0.11, -0.04, -0.1, -0.08, -1.8, -1.23, -2.38, -2.17]","[-0.012, -0.009000000000000001, -0.007, -0.003, 0.001, -0.009000000000000001, 0.077, 0.028, 0.074, 0.044, 0.058, 0.052000000000000005, 0.14400000000000002, 0.161, 0.02, 0.007, 0.015, 0.012, 0.024, 0.006, 0.028, 0.027, 0.008, 0.029, 0.091, 0.063, 0.048, 0.019, 0.005]","[0.02, -0.012, -0.006, -0.001, 0.001, -0.001, 0.028, 0.004, 0.097, 0.019, 0.016, 0.049, 0.162, 0.069, 0.035, 0.062, 0.037, 0.024, 0.043000000000000003, 0.037, 0.036000000000000004, 0.035, 0.031, 0.037, 0.05, 0.047, 0.035, 0.03, 0.017]","[-0.0009000000000000001, -0.0037, -0.0028, -0.0009000000000000001, 0.0004, -0.0026000000000000003, 0.0247, 0.0082, 0.032100000000000004, 0.0142, 0.0178, 0.0199, 0.0589, 0.052500000000000005, 0.0095, 0.0091, 0.0085, 0.006200000000000001, 0.0119, 0.0059, 0.012, 0.011600000000000001, 0.0057, 0.012400000000000001, 0.0308, 0.0229, 0.0172, 0.0086, 0.0034000000000000002]","[-0.0088, -0.0066, -0.0051, -0.0022, 0.0007, -0.0066, 0.056400000000000006, 0.0205, 0.054200000000000005, 0.0322, 0.0425, 0.0381, 0.10550000000000001, 0.11800000000000001, 0.014700000000000001, 0.0051, 0.011, 0.0088, 0.0176, 0.0044, 0.0205, 0.0198, 0.0059, 0.0212, 0.06670000000000001, 0.046200000000000005, 0.0352, 0.013900000000000001, 0.0037]","[-0.16870000000000002, 0.1012, 0.0506, 0.008400000000000001, -0.008400000000000001, 0.008400000000000001, -0.2361, -0.0337, -0.8181, -0.1602, -0.13490000000000002, -0.4133, -1.3663, -0.5819, -0.2952, -0.5229, -0.3121, -0.2024, -0.3627, -0.3121, -0.30360000000000004, -0.2952, -0.2614, -0.3121, -0.4217, -0.39640000000000003, -0.2952, -0.253, -0.1434]",10.6617,-9.6039,1.0579,8.4338,-0.9986,8.318200000000001,411.1648,-30.56,-13.2
Risperidone,,"[-0.19970000000000002, -0.0601, -0.0318, -0.0849, -0.0952, 0.0616, -0.09770000000000001, -0.08070000000000001, -0.0601, -0.0782, -0.1092, -0.0391, 0.056100000000000004, -0.0426, 0.0149, -0.0506, -0.0125, -0.052700000000000004, 0.060500000000000005, -0.09720000000000001, -0.0465, -0.010400000000000001, -0.0649, -0.0188, 0.12990000000000002, -0.0611, -0.0815, -0.0781, -0.0854, -0.1371, 0.0604, 0.0422, 0.0324, 0.049100000000000005, 0.036500000000000005, 0.044, 0.0533, 0.051500000000000004, 0.048600000000000004, 0.0507, 0.0476, 0.046400000000000004, 0.049100000000000005, 0.051800000000000006, 0.054900000000000004, 0.0609, 0.0627, 0.0658, 0.058800000000000005, 0.055400000000000005, 0.0551, 0.0539, 0.068, 0.0661, 0.0634, 0.059500000000000004, 0.0651]","[26.959, 6.2701, 3.1001, 3.9801, 2.05, 3.7199999999999998, 2.9401, 4.8201, 0.22, 4.6501, 6.3201, 2.7901, 10.3499, 27.449, 7.2702, 3.9301, 12.9503, 15.7304, 7.9002, 46.1291, 15.7304, 5.4301, 11.9099, 6.2101, 1.13, 3.4801, 6.1101, 6.1501, 4.4901, 16.6404, 12.66, 4.05, 5.7, 5.67, 2.3, 14.5, 13.11, 15.13, 10.94, 20.51, 6.51, 15.42, 14.79, 15.7, 20.39, 20.06, 16.38, 13.22, 21.02, 17.03, 21.03, 17.04, 17.58, 18.79, 8.83, 18.46, 17.72]","[None, None, None, None, None, None, None, None, None, None, None, None, None, None, None, None, None, None, None, None, None, None, None, None, None, None, None, None, None, None, None, None, None, None, None, None, None, None, None, None, None, None, None, None, None, None, None, None, None, None, None, None, None, None, None, None, None]","[-0.36, -0.04, 0.0, 0.0, 0.0, 0.0, 0.0, 0.0, 0.0, 0.0, 0.0, 0.0, -0.02, -0.03, -0.01, 0.0, 0.0, 0.0, -0.02, -0.35000000000000003, 0.0, 0.0, -0.06, 0.0, 0.0, 0.0, 0.0, 0.0, 0.0, 0.0, -0.05, -0.02, 0.0, -0.01, 0.0, -0.03, -0.03, -0.06, -0.03, -0.04, -0.02, -0.04, -0.02, -0.12, -0.19, -0.2, -0.07, -0.08, -0.09, -0.06, -0.09, -0.05, -0.15, -0.17, -0.06, -0.14, -0.1]","[0.043000000000000003, 0.007, 0.027, -0.006, -0.003, 0.009000000000000001, -0.005, -0.003, -0.002, -0.004, -0.007, 0.031, 0.076, 0.042, 0.011, 0.021, 0.042, 0.017, 0.038, 0.048, 0.036000000000000004, 0.027, 0.027, 0.033, 0.035, -0.009000000000000001, -0.006, -0.006, -0.006, -0.01, 0.019, 0.014, 0.003, 0.009000000000000001, -0.004, 0.014, 0.005, 0.022, 0.02, 0.017, 0.002, 0.014, 0.014, 0.051000000000000004, 0.049, 0.05, 0.021, 0.015, 0.02, 0.009000000000000001, 0.02, 0.012, 0.024, 0.022, 0.014, 0.02, 0.023]","[0.053, 0.002, 0.018000000000000002, -0.002, -0.023, 0.135, -0.025, -0.011, -0.006, -0.002, -0.018000000000000002, -0.002, -0.002, 0.015, 0.004, 0.002, 0.004, 0.008, 0.012, 0.025, 0.009000000000000001, 0.013000000000000001, 0.056, 0.013000000000000001, 0.027, -0.009000000000000001, -0.006, -0.006, -0.005, -0.011, 0.026000000000000002, 0.024, 0.06, 0.033, 0.057, 0.049, 0.03, 0.021, 0.026000000000000002, 0.04, 0.018000000000000002, 0.048, 0.033, 0.011, 0.02, 0.018000000000000002, 0.022, 0.014, 0.021, 0.01, 0.022, 0.014, 0.026000000000000002, 0.023, 0.013000000000000001, 0.025, 0.024]","[0.027100000000000003, 0.0039000000000000003, 0.0149, -0.0031000000000000003, -0.004200000000000001, 0.0205, -0.0054, -0.0028, -0.0017000000000000001, -0.0022, -0.005200000000000001, 0.014400000000000001, 0.036500000000000005, 0.0224, 0.0055000000000000005, 0.010700000000000001, 0.020800000000000003, 0.0095, 0.0198, 0.026500000000000003, 0.0188, 0.0146, 0.0195, 0.0175, 0.020200000000000003, -0.0054, -0.0036000000000000003, -0.0036000000000000003, -0.0032, -0.0058000000000000005, 0.0126, 0.009600000000000001, 0.0083, 0.0083, 0.005200000000000001, 0.0123, 0.0063, 0.0135, 0.0128, 0.012700000000000001, 0.0031000000000000003, 0.0125, 0.011, 0.026000000000000002, 0.0264, 0.0263, 0.0125, 0.0092, 0.0119, 0.0058000000000000005, 0.0123, 0.007500000000000001, 0.014700000000000001, 0.0131, 0.008, 0.013000000000000001, 0.0137]","[0.048600000000000004, 0.0079, 0.030500000000000003, -0.0068000000000000005, -0.0034000000000000002, 0.0102, -0.0056, -0.0034000000000000002, -0.0023, -0.0045000000000000005, -0.0079, 0.035, 0.0858, 0.047400000000000005, 0.012400000000000001, 0.023700000000000002, 0.047400000000000005, 0.019200000000000002, 0.0429, 0.054200000000000005, 0.0407, 0.030500000000000003, 0.030500000000000003, 0.0373, 0.0395, -0.0102, -0.0068000000000000005, -0.0068000000000000005, -0.0068000000000000005, -0.011300000000000001, 0.021500000000000002, 0.0158, 0.0034000000000000002, 0.0102, -0.0045000000000000005, 0.0158, 0.0056, 0.024800000000000003, 0.022600000000000002, 0.019200000000000002, 0.0023, 0.0158, 0.0158, 0.057600000000000005, 0.0553, 0.0565, 0.023700000000000002, 0.016900000000000002, 0.022600000000000002, 0.0102, 0.022600000000000002, 0.013600000000000001, 0.027100000000000003, 0.024800000000000003, 0.0158, 0.022600000000000002, 0.026000000000000002]","[-0.363, -0.0137, -0.1233, 0.0137, 0.1575, -0.9245000000000001, 0.17120000000000002, 0.0753, 0.041100000000000005, 0.0137, 0.1233, 0.0137, 0.0137, -0.1027, -0.0274, -0.0137, -0.0274, -0.0548, -0.08220000000000001, -0.17120000000000002, -0.0616, -0.089, -0.3835, -0.089, -0.1849, 0.0616, 0.041100000000000005, 0.041100000000000005, 0.0342, 0.0753, -0.1781, -0.16440000000000002, -0.41090000000000004, -0.226, -0.3904, -0.3356, -0.2054, -0.1438, -0.1781, -0.27390000000000003, -0.1233, -0.3287, -0.226, -0.0753, -0.137, -0.1233, -0.1507, -0.0959, -0.1438, -0.0685, -0.1507, -0.0959, -0.1781, -0.1575, -0.089, -0.17120000000000002, -0.16440000000000002]",8.5729,-8.2843,0.2886,6.8483,0.6403,1.1716,661.3493,-14.89,-2.76
Ritonavir,,"[-0.1568, -0.0745, 0.0613, -0.0459, -0.09720000000000001, -0.0137, -0.0524, -0.036500000000000005, -0.039, -0.0339, -0.0405, -0.0413, -0.0713, -0.0385, 0.060500000000000005, -0.0523, -0.053200000000000004, 0.06420000000000001, -0.09860000000000001, 0.10550000000000001, -0.1315, -0.0913, -0.0502, -0.23140000000000002, 0.42110000000000003, -0.1721, -0.0864, -0.1221, -0.13140000000000002, -0.0106, -0.1913, -0.058300000000000005, -0.127, -0.1335, -0.16, -0.08710000000000001, -0.0086, -0.0448, -0.0383, -0.043500000000000004, -0.039900000000000005, -0.0482, -0.0557, -0.013900000000000001, -0.0669, -0.1736, -0.0731, -0.0216, -0.21030000000000001, 0.43760000000000004, 0.0584, 0.0601, 0.0594, 0.0618, 0.043000000000000003, 0.0472, 0.0456, 0.0429, 0.040400000000000005, 0.046200000000000005, 0.0596, 0.044700000000000004, 0.049, 0.062200000000000005, 0.056100000000000004, 0.041100000000000005, 0.0526, 0.0572, 0.059800000000000006, 0.0548, 0.06720000000000001, 0.0218, 0.043000000000000003, 0.050800000000000005, 0.053500000000000006, 0.0541, 0.06, 0.0451, 0.053200000000000004, 0.040100000000000004, 0.0507, 0.0563, 0.051300000000000005, 0.052500000000000005, 0.0524, 0.050300000000000004, 0.0575, 0.0551, 0.0458, 0.046200000000000005, 0.0434, 0.045, 0.044, 0.0608, 0.0608, 0.0528, 0.0412, 0.0206]","[20.6392, 5.2701, 1.46, 0.1, 5.9301, 2.7701000000000002, 7.5302, 15.9404, 16.5104, 11.5803, 4.1901, 0.0, 0.63, 0.2, 1.03, 0.0, 0.0, 0.0, 2.7601, 2.16, 13.5603, 6.2401, 2.8101000000000003, 13.1203, 44.0699, 2.04, 0.21, 9.4102, 15.1104, 1.69, 19.7892, 0.07, 9.2402, 13.6703, 14.2795, 3.4101, 2.8501000000000003, 7.7502, 10.4402, 8.6202, 9.0002, 8.4502, 2.3399, 14.2295, 6.3601, 4.0201, 11.7203, 26.1097, 21.1205, 49.8399, 3.44, 8.77, 10.23, 15.74, 13.9, 22.4699, 22.4799, 6.53, 0.0, 4.94, 5.72, 0.03, 5.95, 6.06, 1.9300000000000002, 0.76, 7.95, 13.07, 12.93, 15.75, 10.62, 20.4, 16.56, 18.74, 3.85, 12.09, 16.7, 14.87, 18.76, 11.78, 0.0, 16.41, 18.82, 7.36, 19.14, 9.09, 11.85, 4.83, 15.79, 22.509900000000002, 20.6, 21.08, 15.57, 0.21, 12.69, 18.48, 1.12, 22.8499]","[None, None, None, None, None, None, None, None, None, None, None, None, None, None, None, None, None, None, None, None, None, None, None, None, None, None, None, None, None, None, None, None, None, None, None, None, None, None, None, None, None, None, None, None, None, None, None, None, None, None, None, None, None, None, None, None, None, None, None, None, None, None, None, None, None, None, None, None, None, None, None, None, None, None, None, None, None, None, None, None, None, None, None, None, None, None, None, None, None, None, None, None, None, None, None, None, None, None]","[-0.35000000000000003, 0.0, 0.0, 0.0, 0.0, 0.0, 0.0, 0.0, 0.0, 0.0, 0.0, 0.0, 0.0, 0.0, 0.0, 0.0, 0.0, 0.0, 0.0, 0.0, 0.0, 0.0, 0.0, 0.0, 0.0, 0.0, 0.0, 0.0, 0.0, 0.0, -0.4, 0.0, 0.0, 0.0, -0.16, 0.0, 0.0, 0.0, 0.0, 0.0, 0.0, 0.0, 0.0, -0.06, 0.0, 0.0, 0.0, -0.03, 0.0, 0.0, -0.34, -0.04, -0.06, -0.09, -0.03, -0.04, -0.04, -0.01, 0.0, -0.02, -0.02, 0.0, -0.03, -0.36, -0.02, -0.08, -0.04, -0.08, -0.09, -0.05, -0.1, -0.07, -0.05, -0.07, -0.02, -0.03, -0.04, -0.04, -0.08, -0.02, 0.0, -0.03, -0.06, -0.01, -0.06, -0.03, -0.04, -0.03, -0.02, -0.03, -0.03, -0.03, -0.02, -0.36, -0.09, -0.18, -0.02, -0.19]","[0.006, -0.002, 0.004, -0.002, -0.004, 0.013000000000000001, 0.008, 0.01, 0.013000000000000001, 0.009000000000000001, 0.007, -0.001, -0.003, -0.001, 0.001, 0.0, -0.001, 0.003, -0.001, 0.002, -0.006, -0.004, 0.013000000000000001, 0.008, 0.125, 0.018000000000000002, -0.002, -0.007, -0.005, 0.036000000000000004, 0.0, 0.0, -0.002, -0.003, 0.006, -0.004, 0.011, 0.006, 0.009000000000000001, 0.009000000000000001, 0.007, 0.008, -0.002, 0.007, -0.007, 0.015, 0.005, 0.046, 0.009000000000000001, 0.136, 0.001, 0.008, 0.009000000000000001, 0.012, 0.017, 0.021, 0.022, 0.015, 0.01, -0.001, 0.005, 0.0, 0.001, 0.0, -0.001, 0.005, 0.003, 0.009000000000000001, 0.003, 0.015, 0.013000000000000001, 0.034, 0.018000000000000002, 0.016, 0.005, 0.007, 0.007, 0.006, 0.018000000000000002, 0.002, -0.002, -0.001, 0.006, 0.001, 0.006, 0.001, 0.011, 0.008, 0.015, 0.019, 0.019, 0.017, 0.015, 0.001, 0.021, 0.019, 0.03, 0.042]","[0.008, 0.0, 0.012, 0.001, -0.002, 0.005, 0.003, 0.005, 0.01, 0.003, 0.001, 0.0, -0.001, -0.002, 0.016, 0.004, 0.001, 0.032, -0.001, 0.047, -0.017, -0.009000000000000001, 0.012, 0.001, 0.107, 0.003, -0.001, -0.005, -0.004, 0.008, 0.034, 0.002, -0.005, -0.007, 0.03, -0.002, 0.007, 0.003, 0.006, 0.012, 0.005, 0.004, 0.004, 0.011, -0.005, 0.0, -0.003, 0.036000000000000004, -0.005, 0.069, 0.009000000000000001, 0.006, 0.007, 0.013000000000000001, 0.01, 0.015, 0.016, 0.008, 0.0, 0.009000000000000001, 0.003, 0.01, 0.013000000000000001, 0.01, 0.012, 0.017, 0.023, 0.021, 0.019, 0.031, 0.019, 0.026000000000000002, 0.017, 0.014, 0.001, 0.003, 0.006, 0.007, 0.016, 0.012, 0.001, 0.007, 0.018000000000000002, 0.005, 0.016, 0.003, 0.013000000000000001, 0.006, 0.009000000000000001, 0.016, 0.019, 0.016, 0.01, 0.001, 0.009000000000000001, 0.015, 0.006, 0.02]","[0.0038, -0.0009000000000000001, 0.0033, -0.0011, -0.0021000000000000003, 0.0067, 0.0044, 0.0056, 0.007, 0.0046, 0.0034000000000000002, -0.0008, -0.0015, -0.0004, 0.0021000000000000003, 0.0005, -0.0004, 0.005, -0.0006000000000000001, 0.006900000000000001, -0.0046, -0.0033, 0.0073, 0.0036000000000000003, 0.0719, 0.0086, -0.0008, -0.0039000000000000003, -0.0031000000000000003, 0.018000000000000002, 0.0041, 0.0002, -0.0013000000000000002, -0.0023, 0.006500000000000001, -0.0021000000000000003, 0.006, 0.0035, 0.0053, 0.006, 0.0039000000000000003, 0.0043, -0.0005, 0.0046, -0.0039000000000000003, 0.0074, 0.002, 0.0261, 0.0036000000000000003, 0.0722, 0.0016, 0.0045000000000000005, 0.0051, 0.006900000000000001, 0.0089, 0.0117, 0.0123, 0.0083, 0.0047, 0.0006000000000000001, 0.0027, 0.0012000000000000001, 0.002, 0.0012000000000000001, 0.0007, 0.0044, 0.004200000000000001, 0.0068000000000000005, 0.0037, 0.0108, 0.008400000000000001, 0.019200000000000002, 0.0108, 0.0092, 0.0025, 0.0037, 0.0037, 0.004, 0.010400000000000001, 0.0024000000000000002, -0.0005, 0.0004, 0.005, 0.0011, 0.0048000000000000004, 0.0008, 0.0068000000000000005, 0.0045000000000000005, 0.0082, 0.0106, 0.011300000000000001, 0.0103, 0.008, 0.0006000000000000001, 0.011, 0.0108, 0.0149, 0.0222]","[0.0066, -0.0022, 0.0044, -0.0022, -0.0044, 0.0143, 0.0088, 0.011, 0.0143, 0.0099, 0.0077, -0.0011, -0.0033, -0.0011, 0.0011, 0.0, -0.0011, 0.0033, -0.0011, 0.0022, -0.0066, -0.0044, 0.0143, 0.0088, 0.1373, 0.0198, -0.0022, -0.0077, -0.0055000000000000005, 0.0395, 0.0, 0.0, -0.0022, -0.0033, 0.0066, -0.0044, 0.012100000000000001, 0.0066, 0.0099, 0.0099, 0.0077, 0.0088, -0.0022, 0.0077, -0.0077, 0.0165, 0.0055000000000000005, 0.0505, 0.0099, 0.1494, 0.0011, 0.0088, 0.0099, 0.0132, 0.0187, 0.023100000000000002, 0.024200000000000003, 0.0165, 0.011, -0.0011, 0.0055000000000000005, 0.0, 0.0011, 0.0, -0.0011, 0.0055000000000000005, 0.0033, 0.0099, 0.0033, 0.0165, 0.0143, 0.0373, 0.0198, 0.0176, 0.0055000000000000005, 0.0077, 0.0077, 0.0066, 0.0198, 0.0022, -0.0022, -0.0011, 0.0066, 0.0011, 0.0066, 0.0011, 0.012100000000000001, 0.0088, 0.0165, 0.020900000000000002, 0.020900000000000002, 0.0187, 0.0165, 0.0011, 0.023100000000000002, 0.020900000000000002, 0.033, 0.0461]","[-0.054700000000000006, 0.0, -0.082, -0.0068000000000000005, 0.0137, -0.0342, -0.0205, -0.0342, -0.0683, -0.0205, -0.0068000000000000005, 0.0, 0.0068000000000000005, 0.0137, -0.10930000000000001, -0.0273, -0.0068000000000000005, -0.21860000000000002, 0.0068000000000000005, -0.3211, 0.11620000000000001, 0.061500000000000006, -0.082, -0.0068000000000000005, -0.7311000000000001, -0.0205, 0.0068000000000000005, 0.0342, 0.0273, -0.054700000000000006, -0.2323, -0.0137, 0.0342, 0.0478, -0.20500000000000002, 0.0137, -0.0478, -0.0205, -0.041, -0.082, -0.0342, -0.0273, -0.0273, -0.0752, 0.0342, 0.0, 0.0205, -0.246, 0.0342, -0.47140000000000004, -0.061500000000000006, -0.041, -0.0478, -0.0888, -0.0683, -0.10250000000000001, -0.10930000000000001, -0.054700000000000006, 0.0, -0.061500000000000006, -0.0205, -0.0683, -0.0888, -0.0683, -0.082, -0.11620000000000001, -0.15710000000000002, -0.14350000000000002, -0.1298, -0.21180000000000002, -0.1298, -0.1776, -0.11620000000000001, -0.09570000000000001, -0.0068000000000000005, -0.0205, -0.041, -0.0478, -0.10930000000000001, -0.082, -0.0068000000000000005, -0.0478, -0.123, -0.0342, -0.10930000000000001, -0.0205, -0.0888, -0.041, -0.061500000000000006, -0.10930000000000001, -0.1298, -0.10930000000000001, -0.0683, -0.0068000000000000005, -0.061500000000000006, -0.10250000000000001, -0.041, -0.13670000000000002]",9.866,-8.4376,1.4284,6.8326,0.5797,2.3597,1011.6913,-24.97,-4.38
Salicin,,"[-0.0717, -0.051500000000000004, -0.0262, -0.027700000000000002, -0.0327, -0.025400000000000002, -0.0359, -0.038900000000000004, -0.0699, -0.062, -0.054200000000000005, -0.0485, 0.0097, -0.0522, -0.0352, -0.0417, -0.0351, -0.0112, -0.0743, -0.0722, 0.0587, 0.043000000000000003, 0.050100000000000006, 0.0465, 0.041100000000000005, 0.0516, 0.0567, 0.0502, 0.0339, 0.0534, 0.0625, 0.046900000000000004, 0.047900000000000005, 0.047400000000000005, 0.048600000000000004, 0.049600000000000005, 0.047, 0.0217]","[27.7189, 3.6401, 0.36, 0.51, 0.0, 0.66, 0.8300000000000001, 0.36, 31.0388, 29.6789, 20.7692, 6.3998, 3.5201000000000002, 11.8303, 16.540399999999998, 16.4604, 13.6403, 3.5401, 7.7302, 27.309, 24.1399, 10.98, 13.03, 12.12, 3.3, 13.23, 16.45, 11.11, 4.87, 3.5700000000000003, 18.34, 13.64, 22.4999, 22.4699, 17.75, 16.94, 14.21, 0.0]","[None, None, None, None, None, None, None, None, None, None, None, None, None, None, None, None, None, None, None, None, None, None, None, None, None, None, None, None, None, None, None, None, None, None, None, None, None, None]","[-0.33, 0.0, 0.0, 0.0, 0.0, 0.0, 0.0, 0.0, -0.31, -0.29, -0.16, -0.07, 0.0, 0.0, 0.0, 0.0, 0.0, 0.0, 0.0, -0.30000000000000004, -4.08, -0.03, -0.04, -0.04, 0.0, -0.05, -0.1, -0.06, -1.4, -0.9400000000000001, -3.22, -0.04, -0.1, -0.1, -0.08, -0.06, -0.02, -0.13]","[0.006, -0.002, -0.001, -0.004, -0.004, 0.0, -0.003, -0.004, 0.008, 0.012, 0.012, 0.037, 0.07100000000000001, 0.049, 0.062, 0.055, 0.048, 0.079, -0.015, 0.036000000000000004, 0.012, 0.009000000000000001, -0.004, 0.003, 0.009000000000000001, 0.011, 0.021, 0.019, 0.0, -0.005, 0.002, 0.091, 0.094, 0.093, 0.089, 0.048, 0.051000000000000004, 0.015]","[0.044, -0.012, 0.003, 0.027, -0.008, -0.004, -0.003, 0.005, 0.068, 0.037, 0.016, 0.033, 0.012, 0.011, 0.017, 0.026000000000000002, 0.012, 0.016, -0.009000000000000001, 0.07100000000000001, 0.031, 0.04, 0.046, 0.042, 0.025, 0.03, 0.048, 0.043000000000000003, 0.027, 0.009000000000000001, 0.019, 0.031, 0.047, 0.046, 0.039, 0.043000000000000003, 0.06, 0.014]","[0.0067, -0.0019, 0.0001, 0.0019, -0.002, -0.0005, -0.0011, -0.0006000000000000001, 0.01, 0.007200000000000001, 0.0049, 0.013300000000000001, 0.0198, 0.013800000000000002, 0.0177, 0.0173, 0.0137, 0.0223, -0.0049, 0.0177, 0.006500000000000001, 0.007200000000000001, 0.0044, 0.0055000000000000005, 0.005200000000000001, 0.006500000000000001, 0.0108, 0.0099, 0.0033, -0.0002, 0.0029000000000000002, 0.0269, 0.029400000000000003, 0.029, 0.0274, 0.0171, 0.0199, 0.0057]","[0.0039000000000000003, -0.0013000000000000002, -0.0007, -0.0026000000000000003, -0.0026000000000000003, 0.0, -0.002, -0.0026000000000000003, 0.005200000000000001, 0.0078000000000000005, 0.0078000000000000005, 0.0241, 0.046200000000000005, 0.031900000000000005, 0.040400000000000005, 0.0358, 0.0313, 0.0514, -0.0098, 0.0234, 0.0078000000000000005, 0.0059, -0.0026000000000000003, 0.002, 0.0059, 0.007200000000000001, 0.0137, 0.012400000000000001, 0.0, -0.0033, 0.0013000000000000002, 0.059300000000000005, 0.061200000000000004, 0.0606, 0.058, 0.0313, 0.0332, 0.0098]","[-0.3594, 0.098, -0.0245, -0.22060000000000002, 0.0654, 0.0327, 0.0245, -0.0408, -0.5555, -0.3023, -0.1307, -0.2696, -0.098, -0.08990000000000001, -0.1389, -0.2124, -0.098, -0.1307, 0.07350000000000001, -0.58, -0.25320000000000004, -0.32680000000000003, -0.3758, -0.3431, -0.20420000000000002, -0.2451, -0.3921, -0.3513, -0.22060000000000002, -0.07350000000000001, -0.1552, -0.25320000000000004, -0.384, -0.3758, -0.3186, -0.3513, -0.4902, -0.1144]",11.2806,-9.8988,1.3819,8.1693,-1.1876,3.2092,461.1858,-19.89,-11.81
Tetracycline,,"[-0.0253, 0.025900000000000003, -0.048400000000000006, -0.0229, -0.0626, -0.005, -0.0398, 0.025500000000000002, -0.0477, 0.048100000000000004, 0.0158, -0.034, -0.008400000000000001, -0.0761, -0.011, 0.0459, -0.1297, 0.0737, 0.020900000000000002, -0.0792, 0.064, -0.14980000000000002, -0.1385, -0.114, -0.0461, -0.045700000000000005, -0.07640000000000001, -0.062, -0.0206, -0.06520000000000001, -0.1383, -0.0772, 0.0268, 0.0522, 0.0506, 0.043000000000000003, 0.021, 0.041100000000000005, 0.084, 0.016300000000000002, 0.058600000000000006, 0.057, 0.0505, 0.040400000000000005, 0.042800000000000005, 0.0539, 0.0431, 0.061700000000000005, 0.061700000000000005, 0.05, 0.06, 0.057600000000000005, 0.0613, 0.058600000000000006, 0.055900000000000005, 0.056100000000000004]","[34.9687, 7.2602, 15.6004, 16.3304, 10.6502, 0.98, 3.6801, 4.6401, 1.73, 2.2301, 20.7992, 0.0, 0.66, 2.2601, 9.2602, 19.4498, 35.4386, 2.07, 17.0193, 0.0, 2.7, 15.7804, 14.1003, 18.7893, 13.7095, 0.06, 0.5, 0.0, 0.0, 13.4995, 10.8803, 21.8892, 4.03, 20.14, 22.4199, 10.97, 3.6, 7.03, 23.7299, 2.73, 5.77, 18.24, 17.28, 11.67, 12.54, 18.93, 2.8200000000000003, 11.57, 9.31, 7.2, 4.14, 11.71, 17.03, 14.82, 12.69, 11.91]","[None, None, None, None, None, None, None, None, None, None, None, None, None, None, None, None, None, None, None, None, None, None, None, None, None, None, None, None, None, None, None, None, None, None, None, None, None, None, None, None, None, None, None, None, None, None, None, None, None, None, None, None, None, None, None, None]","[-0.23, -0.02, 0.0, 0.0, 0.0, 0.0, 0.0, 0.0, 0.0, 0.0, -0.1, 0.0, 0.0, 0.0, -0.05, -0.05, -0.36, 0.0, -0.08, 0.0, 0.0, 0.0, 0.0, -0.24, -0.15, 0.0, 0.0, 0.0, 0.0, -0.16, 0.0, -0.17, -1.77, -0.09, -0.11, -0.06, -1.83, -0.85, -1.7000000000000002, -1.78, -0.07, -0.07, -0.05, -0.02, 0.0, -0.05, -0.03, -2.31, -0.09, -0.04, -0.02, -0.04, -2.6, -0.06, -0.05, -0.06]","[0.036000000000000004, 0.018000000000000002, 0.017, 0.03, 0.01, 0.024, 0.012, 0.04, 0.014, 0.029, 0.04, 0.003, 0.023, 0.016, 0.005, 0.015, 0.037, 0.04, 0.052000000000000005, -0.003, 0.011, -0.012, -0.009000000000000001, 0.052000000000000005, 0.018000000000000002, -0.003, -0.008, -0.003, 0.001, 0.001, -0.011, 0.075, 0.01, 0.041, 0.045, 0.036000000000000004, 0.016, 0.006, 0.027, 0.019, 0.028, 0.019, 0.009000000000000001, 0.009000000000000001, 0.007, 0.02, -0.003, 0.012, 0.021, 0.023, 0.008, 0.022, 0.014, 0.013000000000000001, 0.016, 0.015]","[0.043000000000000003, 0.013000000000000001, 0.015, 0.011, 0.016, 0.009000000000000001, 0.012, 0.006, 0.014, 0.003, 0.021, 0.006, 0.005, 0.018000000000000002, 0.004, 0.019, 0.051000000000000004, 0.004, 0.017, -0.009000000000000001, 0.111, -0.03, -0.029, 0.045, 0.014, 0.003, -0.005, -0.001, 0.003, 0.003, -0.009000000000000001, 0.04, 0.012, 0.032, 0.033, 0.026000000000000002, 0.012, 0.011, 0.027, 0.014, 0.026000000000000002, 0.04, 0.036000000000000004, 0.057, 0.058, 0.043000000000000003, 0.028, 0.017, 0.012, 0.015, 0.012, 0.016, 0.014, 0.01, 0.016, 0.009000000000000001]","[0.0268, 0.012700000000000001, 0.012, 0.019200000000000002, 0.0078000000000000005, 0.015300000000000001, 0.0086, 0.0251, 0.01, 0.0181, 0.0263, 0.0028, 0.0146, 0.011600000000000001, 0.0038, 0.0111, 0.0279, 0.024900000000000002, 0.0333, -0.0028, 0.0181, -0.010400000000000001, -0.0085, 0.0361, 0.0125, -0.0015, -0.0051, -0.0019, 0.0009000000000000001, 0.0009000000000000001, -0.0077, 0.0504, 0.0074, 0.028, 0.031, 0.0247, 0.011, 0.0044, 0.0193, 0.0134, 0.0198, 0.0161, 0.0095, 0.011300000000000001, 0.0106, 0.016300000000000002, 0.0007, 0.0094, 0.0137, 0.015600000000000001, 0.0061, 0.0151, 0.01, 0.009300000000000001, 0.0114, 0.010100000000000001]","[0.0529, 0.026500000000000003, 0.025, 0.0441, 0.014700000000000001, 0.035300000000000005, 0.0176, 0.058800000000000005, 0.0206, 0.0426, 0.058800000000000005, 0.0044, 0.033800000000000004, 0.0235, 0.0073, 0.022, 0.054400000000000004, 0.058800000000000005, 0.07640000000000001, -0.0044, 0.0162, -0.0176, -0.0132, 0.07640000000000001, 0.026500000000000003, -0.0044, -0.0118, -0.0044, 0.0015, 0.0015, -0.0162, 0.1102, 0.014700000000000001, 0.0603, 0.0661, 0.0529, 0.0235, 0.0088, 0.0397, 0.0279, 0.0412, 0.0279, 0.0132, 0.0132, 0.0103, 0.029400000000000003, -0.0044, 0.0176, 0.0309, 0.033800000000000004, 0.0118, 0.0323, 0.0206, 0.019100000000000002, 0.0235, 0.022]","[-0.3003, -0.0908, -0.1048, -0.07680000000000001, -0.11170000000000001, -0.0629, -0.0838, -0.0419, -0.0978, -0.021, -0.1467, -0.0419, -0.0349, -0.1257, -0.0279, -0.1327, -0.3562, -0.0279, -0.1187, 0.0629, -0.7752, 0.20950000000000002, 0.2025, -0.3143, -0.0978, -0.021, 0.0349, 0.007, -0.021, -0.021, 0.0629, -0.27940000000000004, -0.0838, -0.2235, -0.2305, -0.1816, -0.0838, -0.07680000000000001, -0.18860000000000002, -0.0978, -0.1816, -0.27940000000000004, -0.2514, -0.3981, -0.4051, -0.3003, -0.1955, -0.1187, -0.0838, -0.1048, -0.0838, -0.11170000000000001, -0.0978, -0.0698, -0.11170000000000001, -0.0629]",8.674,-9.0777,-0.4037,6.9839,1.2366,3.904,599.2151,-27.63,-15.42
Vardenafil,,"[-0.13240000000000002, -0.0719, -0.1073, -0.036000000000000004, -0.0329, -0.0045000000000000005, -0.14070000000000002, -0.0574, 0.1043, 0.049300000000000004, -0.049300000000000004, -0.0281, 0.029300000000000003, -0.0275, -0.0078000000000000005, -0.1517, 0.8704000000000001, -0.44170000000000004, -0.08600000000000001, -0.0922, -0.1022, 0.061900000000000004, -0.08600000000000001, -0.09580000000000001, -0.1046, -0.1338, -0.4242, -0.039, 0.0021000000000000003, -0.035, -0.113, -0.0134, -0.051300000000000005, -0.15510000000000002, 0.046400000000000004, 0.053700000000000005, 0.0523, 0.0516, 0.047, 0.049600000000000005, 0.0606, 0.0616, 0.0616, 0.066, 0.06670000000000001, 0.0546, 0.060200000000000004, 0.045200000000000004, 0.0625, 0.0524, 0.0463, 0.0465, 0.0541, 0.0597, 0.041600000000000005, 0.0337, 0.0449, 0.0536, 0.048100000000000004, 0.0553, 0.051500000000000004, 0.046400000000000004, 0.0482, 0.058800000000000005, 0.0591, 0.0637]","[16.5904, 5.6901, 3.1001, 4.7001, 8.1399, 5.7301, 18.3704, 6.8102, 2.47, 5.1899, 4.8901, 3.3101000000000003, 5.6501, 9.520199999999999, 6.7102, 2.5301, 1.3599999999999999, 33.7687, 4.03, 5.0201, 4.8301, 4.09, 2.9201, 2.8001, 3.8901, 16.0204, 35.7486, 2.8701, 4.2698, 3.8001, 16.5004, 7.8099, 8.1502, 34.2087, 19.0, 22.2199, 10.63, 15.12, 20.77, 10.97, 18.98, 21.32, 21.4299, 9.61, 5.25, 12.31, 10.99, 7.22, 13.86, 14.83, 4.51, 11.97, 14.05, 14.6, 4.8, 13.81, 15.6, 19.52, 14.61, 21.9999, 3.86, 16.8, 15.68, 20.59, 22.1899, 12.09]","[None, None, None, None, None, None, None, None, None, None, None, None, None, None, None, None, None, None, None, None, None, None, None, None, None, None, None, None, None, None, None, None, None, None, None, None, None, None, None, None, None, None, None, None, None, None, None, None, None, None, None, None, None, None, None, None, None, None, None, None, None, None, None, None, None, None]","[0.0, 0.0, 0.0, 0.0, 0.0, 0.0, 0.0, 0.0, 0.0, 0.0, 0.0, 0.0, -0.02, 0.0, 0.0, 0.0, 0.0, -0.75, 0.0, 0.0, 0.0, 0.0, 0.0, 0.0, 0.0, 0.0, -0.74, 0.0, 0.0, 0.0, 0.0, -0.06, -0.05, -0.44, -0.03, -0.05, -0.03, -0.06, -0.05, -0.04, -0.09, -0.14, -0.14, -0.05, -0.45, -0.14, -0.09, -0.03, -0.06, -0.07, -0.01, -0.01, -0.07, -0.07, -0.01, 0.0, -0.04, -0.07, -0.03, -0.07, -0.04, -0.06, -0.06, -0.09, -0.13, -0.07]","[-0.005, -0.005, -0.005, 0.016, 0.046, 0.023, -0.013000000000000001, 0.0, 0.005, 0.036000000000000004, 0.042, 0.036000000000000004, 0.026000000000000002, 0.022, 0.052000000000000005, 0.012, 0.033, 0.016, 0.012, -0.008, 0.0, 0.001, -0.004, -0.002, -0.004, -0.003, 0.021, 0.024, 0.024, -0.009000000000000001, -0.007, 0.052000000000000005, 0.027, 0.095, 0.005, 0.016, -0.003, 0.008, 0.016, 0.009000000000000001, 0.015, 0.028, 0.028, 0.011, 0.032, 0.051000000000000004, 0.058, 0.001, 0.021, 0.012, -0.017, 0.013000000000000001, 0.01, 0.008, -0.013000000000000001, 0.007, 0.006, 0.001, 0.004, 0.01, 0.04, 0.018000000000000002, 0.015, 0.009000000000000001, 0.022, 0.003]","[-0.005, -0.004, -0.006, 0.015, 0.063, 0.018000000000000002, -0.01, 0.02, 0.013000000000000001, 0.016, 0.005, 0.0, 0.005, 0.005, 0.002, -0.002, 0.027, 0.011, 0.026000000000000002, -0.008, -0.014, 0.098, -0.02, -0.013000000000000001, -0.019, -0.009000000000000001, 0.015, -0.001, 0.006, -0.004, -0.003, 0.056, 0.006, 0.07200000000000001, 0.008, 0.015, -0.003, 0.006, 0.016, 0.018000000000000002, 0.02, 0.034, 0.031, 0.018000000000000002, 0.022, 0.019, 0.013000000000000001, 0.028, 0.031, 0.032, 0.032, 0.049, 0.035, 0.029, 0.023, 0.047, 0.028, 0.012, 0.013000000000000001, 0.025, 0.005, 0.012, 0.005, 0.005, 0.013000000000000001, -0.002]","[-0.0032, -0.0028, -0.003, 0.0099, 0.031900000000000005, 0.0146, -0.0083, 0.0023, 0.0041, 0.020900000000000002, 0.023100000000000002, 0.019, 0.014700000000000001, 0.0119, 0.027700000000000002, 0.0061, 0.0206, 0.0094, 0.009300000000000001, -0.005200000000000001, -0.0016, 0.012100000000000001, -0.0044, -0.0029000000000000002, -0.0046, -0.0026000000000000003, 0.0128, 0.0123, 0.0134, -0.0049, -0.004, 0.0339, 0.015300000000000001, 0.058800000000000005, 0.0032, 0.0099, -0.0019, 0.0049, 0.0103, 0.0071, 0.0106, 0.0187, 0.0187, 0.0082, 0.0195, 0.0292, 0.0325, 0.0041, 0.014700000000000001, 0.01, -0.0056, 0.0125, 0.009600000000000001, 0.0079, -0.004200000000000001, 0.0091, 0.0064, 0.0016, 0.0033, 0.0085, 0.0221, 0.0109, 0.0085, 0.0053, 0.0135, 0.0017000000000000001]","[-0.0063, -0.0063, -0.0063, 0.02, 0.057600000000000005, 0.028800000000000003, -0.016300000000000002, 0.0, 0.0063, 0.0451, 0.0526, 0.0451, 0.032600000000000004, 0.0275, 0.0651, 0.015, 0.0413, 0.02, 0.015, -0.01, 0.0, 0.0013000000000000002, -0.005, -0.0025, -0.005, -0.0038, 0.0263, 0.03, 0.03, -0.011300000000000001, -0.0088, 0.0651, 0.033800000000000004, 0.1189, 0.0063, 0.02, -0.0038, 0.01, 0.02, 0.011300000000000001, 0.0188, 0.0351, 0.0351, 0.013800000000000002, 0.040100000000000004, 0.0639, 0.0726, 0.0013000000000000002, 0.0263, 0.015, -0.0213, 0.016300000000000002, 0.0125, 0.01, -0.016300000000000002, 0.0088, 0.007500000000000001, 0.0013000000000000002, 0.005, 0.0125, 0.050100000000000006, 0.022500000000000003, 0.0188, 0.011300000000000001, 0.0275, 0.0038]","[0.0345, 0.027600000000000003, 0.0415, -0.10360000000000001, -0.4353, -0.12440000000000001, 0.06910000000000001, -0.13820000000000002, -0.0898, -0.1106, -0.0345, 0.0, -0.0345, -0.0345, -0.013800000000000002, 0.013800000000000002, -0.18660000000000002, -0.076, -0.1797, 0.0553, 0.09670000000000001, -0.6772, 0.13820000000000002, 0.0898, 0.1313, 0.062200000000000005, -0.10360000000000001, 0.006900000000000001, -0.0415, 0.027600000000000003, 0.0207, -0.3869, -0.0415, -0.4975, -0.0553, -0.10360000000000001, 0.0207, -0.0415, -0.1106, -0.12440000000000001, -0.13820000000000002, -0.2349, -0.2142, -0.12440000000000001, -0.152, -0.1313, -0.0898, -0.1935, -0.2142, -0.22110000000000002, -0.22110000000000002, -0.3386, -0.24180000000000001, -0.20040000000000002, -0.1589, -0.32480000000000003, -0.1935, -0.0829, -0.0898, -0.17270000000000002, -0.0345, -0.0829, -0.0345, -0.0345, -0.0898, 0.013800000000000002]",7.5616,-8.7452,-1.1836,6.9098,0.8688,5.2029,762.6782,-29.37,-4.22
Yohimbine,,"[-0.08990000000000001, -0.0218, 0.0659, -0.0327, -0.0287, -0.0385, -0.055600000000000004, -0.048100000000000004, -0.0688, -0.0245, -0.0925, -0.09390000000000001, 0.0663, -0.115, -0.0522, -0.08270000000000001, -0.0811, -0.0352, -0.0539, -0.0427, -0.0876, -0.015700000000000002, -0.011300000000000001, -0.0661, -0.1401, -0.0727, 0.0526, 0.0632, 0.0441, 0.0413, 0.041800000000000004, 0.0414, 0.055, 0.0541, 0.0471, 0.038900000000000004, 0.0528, 0.0507, 0.0458, 0.048600000000000004, 0.0502, 0.0504, 0.053, 0.0514, 0.0558, 0.0506, 0.043500000000000004, 0.0528, 0.0631, 0.0616, 0.059800000000000006, 0.049300000000000004]","[0.39, 3.5201000000000002, 6.1999, 7.0002, 5.5701, 14.7303, 16.3004, 16.2704, 16.2104, 3.8201, 3.9901, 3.4301, 4.11, 4.3101, 0.03, 3.9201, 4.5201, 0.52, 0.0, 0.0, 1.37, 1.6600000000000001, 7.9597, 18.9304, 21.0692, 32.7587, 13.05, 15.68, 16.65, 22.3099, 22.2999, 20.52, 19.57, 16.04, 15.37, 9.57, 13.6, 12.24, 6.69, 14.56, 17.89, 8.62, 18.57, 13.89, 11.16, 6.29, 2.14, 7.89, 18.53, 22.3899, 18.53, 8.43]","[None, None, None, None, None, None, None, None, None, None, None, None, None, None, None, None, None, None, None, None, None, None, None, None, None, None, None, None, None, None, None, None, None, None, None, None, None, None, None, None, None, None, None, None, None, None, None, None, None, None, None, None]","[0.0, 0.0, 0.0, 0.0, 0.0, 0.0, 0.0, 0.0, 0.0, 0.0, 0.0, 0.0, 0.0, 0.0, 0.0, 0.0, 0.0, 0.0, 0.0, 0.0, 0.0, 0.0, -0.05, 0.0, -0.28, -0.32, -0.02, -0.7000000000000001, -0.01, -0.01, -0.01, -0.02, -0.06, -0.03, -0.03, 0.0, -0.03, -0.02, -0.01, -0.04, -0.04, -0.02, -0.05, -0.03, -0.06, -0.01, -0.01, -0.01, -0.12, -0.26, -0.12, -1.57]","[-0.003, 0.038, 0.019, 0.01, 0.021, 0.041, 0.015, 0.03, 0.039, 0.026000000000000002, -0.009000000000000001, -0.01, 0.008, -0.009000000000000001, -0.001, -0.008, -0.006, -0.005, -0.003, 0.004, -0.004, 0.069, 0.054, -0.021, 0.11800000000000001, 0.012, 0.023, 0.025, 0.05, 0.049, 0.052000000000000005, 0.048, 0.026000000000000002, 0.022, 0.024, 0.009000000000000001, 0.021, 0.012, 0.011, 0.014, 0.018000000000000002, -0.001, 0.022, 0.023, 0.029, 0.008, 0.001, 0.012, 0.026000000000000002, 0.029, 0.022, -0.001]","[-0.007, 0.022, 0.028, 0.013000000000000001, 0.011, 0.027, 0.018000000000000002, 0.028, 0.024, 0.04, -0.009000000000000001, -0.02, 0.094, -0.017, 0.004, -0.005, -0.005, -0.002, 0.005, -0.005, 0.002, -0.003, 0.001, -0.007, 0.022, 0.035, 0.043000000000000003, 0.032, 0.039, 0.045, 0.048, 0.042, 0.038, 0.04, 0.038, 0.044, 0.033, 0.032, 0.016, 0.017, 0.02, 0.014, 0.027, 0.015, 0.013000000000000001, 0.019, 0.029, 0.019, 0.013000000000000001, 0.007, 0.006, 0.015]","[-0.0018000000000000002, 0.0143, 0.0094, 0.0049, 0.0078000000000000005, 0.0158, 0.0066, 0.0126, 0.0151, 0.0128, -0.0038, -0.0055000000000000005, 0.013900000000000001, -0.0048000000000000004, -0.0, -0.0028, -0.0022, -0.0016, -0.00030000000000000003, 0.0008, -0.001, 0.0207, 0.0164, -0.0073, 0.038700000000000005, 0.0077, 0.0123, 0.011300000000000001, 0.020200000000000003, 0.0205, 0.0217, 0.0198, 0.0126, 0.011600000000000001, 0.012, 0.0079, 0.010400000000000001, 0.0076, 0.0055000000000000005, 0.0066, 0.0079, 0.0016, 0.0098, 0.0089, 0.010400000000000001, 0.0046, 0.0039000000000000003, 0.006200000000000001, 0.009300000000000001, 0.0097, 0.0074, 0.0015]","[-0.002, 0.0256, 0.0128, 0.0067, 0.0142, 0.027600000000000003, 0.010100000000000001, 0.020200000000000003, 0.0263, 0.0175, -0.0061, -0.0067, 0.0054, -0.0061, -0.0007, -0.0054, -0.004, -0.0034000000000000002, -0.002, 0.0027, -0.0027, 0.0465, 0.0364, -0.0142, 0.0795, 0.0081, 0.0155, 0.016900000000000002, 0.0337, 0.033, 0.0351, 0.0324, 0.0175, 0.0148, 0.0162, 0.0061, 0.0142, 0.0081, 0.0074, 0.0094, 0.012100000000000001, -0.0007, 0.0148, 0.0155, 0.0195, 0.0054, 0.0007, 0.0081, 0.0175, 0.0195, 0.0148, -0.0007]","[0.047900000000000005, -0.1505, -0.1915, -0.0889, -0.0752, -0.1847, -0.1231, -0.1915, -0.1641, -0.2736, 0.0616, 0.1368, -0.6429, 0.1163, -0.0274, 0.0342, 0.0342, 0.0137, -0.0342, 0.0342, -0.0137, 0.0205, -0.0068000000000000005, 0.047900000000000005, -0.1505, -0.2394, -0.29410000000000003, -0.21880000000000002, -0.2667, -0.3078, -0.32830000000000004, -0.2872, -0.2599, -0.2736, -0.2599, -0.3009, -0.2257, -0.21880000000000002, -0.10940000000000001, -0.1163, -0.1368, -0.09570000000000001, -0.1847, -0.10260000000000001, -0.0889, -0.12990000000000002, -0.1983, -0.12990000000000002, -0.0889, -0.047900000000000005, -0.041, -0.10260000000000001]",9.5001,-8.2245,1.2756,6.839,-0.5337000000000001,1.7189999999999999,571.0696,-10.85,-3.9
