code_name,SMILES,Partial charge,Atom SASA,Buried volume,H bond H2O,Fukui+,Fukui-,Electrophil.,Normaliz. electrophil.,Normaliz. nucleophil.,HOMO-LUMO gap,HOMO,LUMO,IP,EA,Dipole module,SASA,G solv. in H2O,G of H-bonds H2O
Bifonazole+,,"[0.17850000000000002, -0.069, -0.037, -0.063, -0.0212, 0.0016, -0.026600000000000002, -0.0392, -0.029500000000000002, -0.0264, -0.0324, -0.045, -0.0108, -0.03, -0.0442, -0.0378, -0.0129, -0.0085, -0.0161, -0.0499, 0.014700000000000001, 0.0224, 0.1502, 0.08, 0.0708, 0.0379, 0.054900000000000004, 0.0468, 0.0511, 0.0502, 0.05, 0.0441, 0.0587, 0.055600000000000004, 0.0502, 0.057800000000000004, 0.057800000000000004, 0.0574, 0.0488, 0.0794, 0.07830000000000001, 0.1143, 0.0878]","[0.01, 0.0, 0.41000000000000003, 4.4901, 10.7303, 3.4101, 3.5801, 11.8303, 16.4004, 16.540399999999998, 16.5204, 11.8803, 11.5103, 9.9602, 0.5700000000000001, 5.5100999999999996, 15.3604, 16.2604, 16.1604, 9.4802, 12.8003, 21.8705, 8.1199, 9.6402, 7.77, 8.41, 14.5, 14.53, 22.3999, 22.4599, 22.4099, 14.69, 14.52, 16.66, 7.54, 22.4099, 22.4799, 22.4299, 17.1, 18.35, 22.9699, 26.1699, 9.77]","[None, None, None, None, None, None, None, None, None, None, None, None, None, None, None, None, None, None, None, None, None, None, None, None, None, None, None, None, None, None, None, None, None, None, None, None, None, None, None, None, None, None, None]","[0.0, 0.0, 0.0, 0.0, 0.0, 0.0, 0.0, 0.0, 0.0, 0.0, 0.0, 0.0, 0.0, 0.0, 0.0, 0.0, 0.0, 0.0, 0.0, 0.0, 0.0, 0.0, 0.0, 0.0, -0.09, -0.03, -0.03, -0.02, -0.02, -0.02, -0.03, -0.03, -0.03, -0.05, -0.03, -0.04, -0.04, -0.05, -0.06, -0.30000000000000004, -0.44, -2.2, -0.26]","[0.065, -0.009000000000000001, 0.013000000000000001, 0.003, 0.01, 0.028, 0.006, 0.009000000000000001, 0.009000000000000001, 0.019, 0.009000000000000001, 0.009000000000000001, 0.012, 0.01, 0.001, 0.001, 0.011, 0.02, 0.01, 0.005, 0.012, 0.022, 0.067, 0.064, 0.032, 0.003, 0.028, 0.015, 0.026000000000000002, 0.03, 0.026000000000000002, 0.014, 0.032, 0.027, 0.011, 0.029, 0.035, 0.031, 0.018000000000000002, 0.054, 0.062, 0.057, 0.068]","[-0.005, -0.002, 0.036000000000000004, 0.013000000000000001, 0.019, 0.02, 0.047, 0.022, 0.023, 0.052000000000000005, 0.024, 0.022, 0.017, 0.013000000000000001, 0.014, 0.009000000000000001, 0.013000000000000001, 0.019, 0.017, 0.012, -0.002, 0.006, 0.011, -0.002, 0.025, 0.039, 0.032, 0.045, 0.055, 0.061, 0.055, 0.046, 0.031, 0.038, 0.007, 0.028, 0.034, 0.033, 0.028, 0.006, 0.019, 0.015, 0.003]","[0.06520000000000001, -0.0085, 0.0135, 0.003, 0.0095, 0.0281, 0.006500000000000001, 0.0095, 0.009000000000000001, 0.018500000000000003, 0.0085, 0.0085, 0.0115, 0.0095, 0.0005, 0.001, 0.011, 0.0205, 0.0095, 0.0055000000000000005, 0.012, 0.022, 0.06720000000000001, 0.06420000000000001, 0.032600000000000004, 0.003, 0.028, 0.015, 0.026500000000000003, 0.030500000000000003, 0.026500000000000003, 0.014, 0.032600000000000004, 0.026500000000000003, 0.011, 0.0285, 0.0346, 0.031, 0.018000000000000002, 0.0541, 0.0616, 0.057100000000000005, 0.0687]","[0.22160000000000002, -0.0307, 0.0443, 0.0102, 0.0341, 0.0955, 0.0205, 0.0307, 0.0307, 0.0648, 0.0307, 0.0307, 0.0409, 0.0341, 0.0034000000000000002, 0.0034000000000000002, 0.0375, 0.0682, 0.0341, 0.017, 0.0409, 0.075, 0.22840000000000002, 0.2182, 0.1091, 0.0102, 0.0955, 0.0511, 0.0886, 0.1023, 0.0886, 0.0477, 0.1091, 0.0921, 0.0375, 0.0989, 0.1193, 0.1057, 0.0614, 0.1841, 0.2114, 0.1943, 0.2318]","[0.051000000000000004, 0.0204, -0.3674, -0.1327, -0.19390000000000002, -0.2041, -0.4797, -0.2245, -0.23470000000000002, -0.5307000000000001, -0.2449, -0.2245, -0.17350000000000002, -0.1327, -0.1429, -0.0918, -0.1327, -0.19390000000000002, -0.17350000000000002, -0.12250000000000001, 0.0204, -0.061200000000000004, -0.11230000000000001, 0.0204, -0.2551, -0.398, -0.3266, -0.4592, -0.5613, -0.6225, -0.5613, -0.46940000000000004, -0.3164, -0.38780000000000003, -0.0714, -0.2858, -0.34700000000000003, -0.33680000000000004, -0.2858, -0.061200000000000004, -0.19390000000000002, -0.1531, -0.030600000000000002]",7.6081,-10.8068,-3.1987,10.2054,3.4093,14.8671,560.6144,-53.63,-3.7800000000000002
Boscalid+,,"[0.08070000000000001, 0.08070000000000001, -0.06330000000000001, 0.0236, 0.0064, 0.052700000000000004, 0.017400000000000002, -0.1379, 0.305, 0.12290000000000001, -0.0438, -0.0538, 0.0036000000000000003, 0.014700000000000001, 0.004, -0.021, -0.048, -0.0597, -0.0451, -0.133, 0.1699, -0.028, -0.0184, 0.1058, 0.061900000000000004, 0.07, 0.07010000000000001, 0.0078000000000000005, 0.0526, 0.0632, 0.0648, 0.0658, 0.0434, 0.051300000000000005, 0.0562, 0.0574]","[21.9792, 4.1701, 5.0001, 13.8303, 16.9104, 18.9404, 18.4098, 6.3901, 33.5899, 2.69, 3.8701, 9.4202, 16.4604, 16.4604, 11.6003, 2.3901, 1.16, 7.0902, 7.8102, 2.7001, 68.0299, 12.4803, 8.8702, 8.54, 13.4, 22.6799, 23.0599, 0.23, 13.21, 22.3899, 22.4499, 15.61, 12.0, 18.83, 19.07, 15.69]","[None, None, None, None, None, None, None, None, None, None, None, None, None, None, None, None, None, None, None, None, None, None, None, None, None, None, None, None, None, None, None, None, None, None, None, None]","[-0.06, 0.0, 0.0, 0.0, 0.0, 0.0, -0.03, -0.02, 0.0, 0.0, 0.0, 0.0, 0.0, 0.0, 0.0, 0.0, 0.0, 0.0, 0.0, 0.0, 0.0, 0.0, 0.0, -2.44, -0.30000000000000004, -0.26, -0.23, -0.17, -0.14, -0.12, -0.09, -0.07, -0.1, -0.11, -0.08, -0.1]","[0.066, 0.06, 0.026000000000000002, 0.031, 0.019, 0.041, 0.056, 0.021, 0.091, 0.057, -0.003, 0.011, 0.012, 0.026000000000000002, 0.01, 0.022, -0.009000000000000001, -0.006, 0.0, 0.007, 0.043000000000000003, 0.005, 0.004, 0.036000000000000004, 0.048, 0.057, 0.064, 0.033, 0.017, 0.035, 0.04, 0.034, -0.004, 0.014, 0.022, 0.014]","[0.022, 0.007, 0.01, 0.008, 0.015, 0.006, 0.07, -0.001, 0.022, 0.001, 0.012, 0.011, 0.024, 0.013000000000000001, 0.013000000000000001, 0.009000000000000001, 0.04, 0.014, 0.018000000000000002, 0.017, 0.229, 0.02, 0.015, 0.01, 0.031, 0.037, 0.039, 0.0, 0.028, 0.037, 0.036000000000000004, 0.023, 0.039, 0.04, 0.042, 0.042]","[0.1097, 0.1046, 0.042800000000000005, 0.053, 0.028800000000000003, 0.0699, 0.0765, 0.0375, 0.1532, 0.1005, -0.0085, 0.0159, 0.0135, 0.041100000000000005, 0.0142, 0.035300000000000005, -0.0281, -0.0151, -0.0058000000000000005, 0.006900000000000001, 0.0022, 0.0017000000000000001, 0.003, 0.060500000000000005, 0.0742, 0.0889, 0.1014, 0.0591, 0.0218, 0.05, 0.0591, 0.0534, -0.0189, 0.0119, 0.025400000000000002, 0.0112]","[0.38320000000000004, 0.3483, 0.1509, 0.18, 0.11030000000000001, 0.23800000000000002, 0.3251, 0.12190000000000001, 0.5283, 0.3309, -0.017400000000000002, 0.0639, 0.0697, 0.1509, 0.058100000000000006, 0.1277, -0.0523, -0.034800000000000005, 0.0, 0.040600000000000004, 0.24960000000000002, 0.029, 0.023200000000000002, 0.209, 0.2787, 0.3309, 0.37160000000000004, 0.19160000000000002, 0.09870000000000001, 0.20320000000000002, 0.23220000000000002, 0.19740000000000002, -0.023200000000000002, 0.0813, 0.1277, 0.0813]","[-0.23770000000000002, -0.0756, -0.108, -0.0864, -0.1621, -0.0648, -0.7563000000000001, 0.0108, -0.23770000000000002, -0.0108, -0.1296, -0.1188, -0.25930000000000003, -0.1404, -0.1404, -0.09720000000000001, -0.43210000000000004, -0.15130000000000002, -0.1945, -0.1837, -2.474, -0.21610000000000001, -0.1621, -0.108, -0.33490000000000003, -0.3997, -0.4213, 0.0, -0.3025, -0.3997, -0.3889, -0.2485, -0.4213, -0.43210000000000004, -0.45380000000000004, -0.45380000000000004]",6.7241,-11.7624,-5.0383,10.8036,5.2528,7.8327,517.4122,-57.39,-4.36
Caffeine+,,"[-0.1139, -0.0529, 0.1356, -0.055, -0.1237, -0.0683, 0.1173, -0.0304, -0.023100000000000002, 0.2082, 0.07930000000000001, 0.1263, -0.0522, -0.0796, 0.0763, 0.074, 0.07590000000000001, 0.09230000000000001, 0.1081, 0.09530000000000001, 0.09530000000000001, 0.0789, 0.0872, 0.0608, 0.0883]","[30.4988, 9.1202, 1.47, 7.9302, 27.049, 17.0104, 1.49, 8.0202, 6.2101, 1.34, 20.6605, 7.9699, 17.3704, 17.5104, 16.94, 12.48, 19.84, 19.97, 17.5, 16.35, 16.48, 18.25, 18.6, 12.14, 17.91]","[None, None, None, None, None, None, None, None, None, None, None, None, None, None, None, None, None, None, None, None, None, None, None, None, None]","[-0.25, -0.07, 0.0, -0.05, -0.24, 0.0, 0.0, -0.01, 0.0, 0.0, 0.0, 0.0, 0.0, 0.0, -0.18, -0.17, -0.18, -0.74, -1.65, -0.32, -0.32, -0.33, -0.24, -0.2, -0.23]","[0.08600000000000001, 0.011, 0.038, 0.046, 0.12, -0.025, 0.045, 0.022, 0.018000000000000002, 0.1, 0.076, 0.044, -0.033, -0.024, 0.028, 0.033, 0.032, 0.088, 0.058, 0.05, 0.05, 0.047, 0.035, 0.023, 0.034]","[0.093, -0.001, 0.058, 0.004, 0.099, -0.018000000000000002, 0.075, 0.008, 0.034, 0.034, 0.028, 0.03, -0.019, -0.023, 0.078, 0.049, 0.091, 0.053, 0.036000000000000004, 0.033, 0.033, 0.036000000000000004, 0.07100000000000001, 0.046, 0.069]","[0.0864, 0.011, 0.038, 0.0459, 0.1203, -0.0245, 0.045, 0.022, 0.018000000000000002, 0.0998, 0.07590000000000001, 0.0439, -0.0329, -0.0245, 0.028, 0.033, 0.0325, 0.0874, 0.0579, 0.0494, 0.0504, 0.046400000000000004, 0.035, 0.0235, 0.0345]","[0.3617, 0.0463, 0.1598, 0.1935, 0.5047, -0.1051, 0.1893, 0.0925, 0.0757, 0.42060000000000003, 0.3196, 0.18510000000000001, -0.1388, -0.1009, 0.1178, 0.1388, 0.1346, 0.37010000000000004, 0.2439, 0.21030000000000001, 0.21030000000000001, 0.19770000000000001, 0.1472, 0.09670000000000001, 0.14300000000000002]","[-1.1754, 0.0126, -0.733, -0.0506, -1.2512, 0.2275, -0.9479000000000001, -0.10110000000000001, -0.4297, -0.4297, -0.3539, -0.37920000000000004, 0.2401, 0.2907, -0.9858, -0.6193000000000001, -1.1501000000000001, -0.6698000000000001, -0.455, -0.4171, -0.4171, -0.455, -0.8973000000000001, -0.5814, -0.872]",8.3768,-12.4165,-4.0398,12.6384,4.2057,10.7074,360.1097,-64.33,-5.19
Camptothecin+,,"[-0.15910000000000002, -0.0567, 0.054700000000000006, 0.0188, -0.025400000000000002, -0.055200000000000006, -0.0891, -0.13140000000000002, -0.0123, 0.0236, -0.0161, -0.1207, -0.0268, -0.049100000000000005, 0.1457, -0.0279, 0.024300000000000002, 0.0137, 0.0656, 0.1316, 0.00030000000000000003, -0.009000000000000001, 0.0161, 0.030600000000000002, 0.051300000000000005, -0.0256, 0.0755, 0.050800000000000005, 0.0648, 0.0587, 0.062, 0.041600000000000005, 0.0766, 0.0821, 0.052500000000000005, 0.0949, 0.0945, 0.0849, 0.115, 0.0683, 0.07100000000000001, 0.07250000000000001, 0.0621]","[34.3387, 8.2802, 3.5401, 1.72, 0.0, 15.9994, 2.8601, 14.3803, 4.2801, 20.4692, 5.9301, 40.8684, 7.8802, 6.5802, 1.49, 3.6201, 7.1402, 5.0701, 13.7203, 6.6199, 6.7602, 5.3401, 15.0204, 16.4104, 16.4504, 15.4404, 15.17, 12.61, 11.53, 22.1199, 15.44, 10.71, 14.93, 14.15, 2.43, 17.91, 18.0, 16.78, 10.57, 18.23, 22.3799, 22.3599, 18.36]","[None, None, None, None, None, None, None, None, None, None, None, None, None, None, None, None, None, None, None, None, None, None, None, None, None, None, None, None, None, None, None, None, None, None, None, None, None, None, None, None, None, None, None]","[-0.46, -0.04, 0.0, 0.0, 0.0, -0.14, 0.0, 0.0, 0.0, -0.08, 0.0, -0.36, 0.0, 0.0, 0.0, 0.0, 0.0, 0.0, 0.0, 0.0, 0.0, 0.0, 0.0, 0.0, 0.0, 0.0, -2.23, -0.05, -0.04, -0.08, -0.04, -0.05, -0.22, -0.21, -0.07, -0.38, -0.4, -0.28, -1.05, -0.17, -0.16, -0.18, -0.2]","[0.055, 0.005, 0.043000000000000003, 0.015, 0.001, 0.004, -0.006, -0.006, -0.001, 0.02, -0.009000000000000001, 0.036000000000000004, 0.034, 0.01, 0.021, -0.011, 0.047, 0.018000000000000002, 0.047, 0.051000000000000004, 0.012, 0.015, 0.023, 0.024, 0.028, 0.02, 0.018000000000000002, 0.002, 0.019, 0.014, 0.013000000000000001, -0.007, 0.038, 0.029, 0.036000000000000004, 0.035, 0.035, 0.054, 0.04, 0.042, 0.048, 0.049, 0.04]","[0.078, 0.005, 0.013000000000000001, 0.007, 0.021, 0.064, -0.004, -0.01, 0.013000000000000001, 0.058, -0.011, 0.11800000000000001, 0.011, 0.019, 0.039, -0.011, -0.001, 0.008, 0.012, 0.015, 0.01, 0.014, 0.008, 0.015, 0.017, 0.006, 0.035, 0.029, 0.024, 0.045, 0.023, 0.018000000000000002, 0.038, 0.044, 0.026000000000000002, 0.034, 0.034, 0.025, 0.012, 0.023, 0.028, 0.027, 0.018000000000000002]","[0.079, 0.0082, 0.0864, 0.028800000000000003, -0.0089, -0.025, -0.0109, -0.0077, -0.009000000000000001, 0.0128, -0.0137, 0.0159, 0.0671, 0.0125, 0.025, -0.0181, 0.10250000000000001, 0.034800000000000005, 0.0964, 0.1027, 0.020800000000000003, 0.026000000000000002, 0.0448, 0.043300000000000005, 0.0509, 0.0402, 0.0198, -0.010100000000000001, 0.027700000000000002, 0.007500000000000001, 0.0161, -0.0238, 0.062400000000000004, 0.038900000000000004, 0.0644, 0.058800000000000005, 0.058800000000000005, 0.1048, 0.0804, 0.07980000000000001, 0.0893, 0.092, 0.07730000000000001]","[0.3771, 0.034300000000000004, 0.2948, 0.1029, 0.006900000000000001, 0.0274, -0.041100000000000005, -0.041100000000000005, -0.006900000000000001, 0.1371, -0.061700000000000005, 0.2469, 0.2331, 0.06860000000000001, 0.14400000000000002, -0.07540000000000001, 0.32230000000000003, 0.12340000000000001, 0.32230000000000003, 0.3497, 0.0823, 0.1029, 0.1577, 0.1646, 0.192, 0.1371, 0.12340000000000001, 0.0137, 0.1303, 0.096, 0.0891, -0.048, 0.2606, 0.19890000000000002, 0.2469, 0.24, 0.24, 0.3703, 0.2743, 0.28800000000000003, 0.3291, 0.336, 0.2743]","[-0.85, -0.0545, -0.14170000000000002, -0.0763, -0.2288, -0.6974, 0.0436, 0.109, -0.14170000000000002, -0.632, 0.1199, -1.2859, -0.1199, -0.20700000000000002, -0.425, 0.1199, 0.0109, -0.0872, -0.1308, -0.1635, -0.109, -0.1526, -0.0872, -0.1635, -0.18530000000000002, -0.0654, -0.3814, -0.316, -0.2615, -0.4904, -0.2506, -0.1961, -0.4141, -0.47950000000000004, -0.2833, -0.3705, -0.3705, -0.27240000000000003, -0.1308, -0.2506, -0.30510000000000004, -0.2942, -0.1961]",4.9951,-11.3872,-6.392,10.8971,5.8092,15.9304,543.8888,-67.21,-6.83
Cimetadine+,,"[-0.0781, 0.0815, -0.0437, 0.0717, -0.07690000000000001, -0.1945, 0.3466, -0.1882, 0.0024000000000000002, 0.033600000000000005, -0.10490000000000001, 0.152, 0.0887, 0.1393, -0.037200000000000004, -0.1236, -0.158, 0.0663, 0.06760000000000001, 0.0684, 0.0646, 0.0625, 0.046400000000000004, 0.06280000000000001, 0.0449, 0.0451, 0.0316, 0.0565, 0.06810000000000001, 0.046900000000000004, 0.08030000000000001, 0.11180000000000001, 0.0868, 0.0786]","[18.3104, 6.5399, 7.4102, 4.9599, 5.8601, 5.5201, 33.9899, 1.53, 3.4501, 3.8201, 16.0304, 7.9099, 25.4006, 5.7199, 1.8599999999999999, 12.6803, 30.7597, 4.32, 23.1899, 22.9399, 17.93, 17.73, 6.9, 20.67, 19.83, 12.04, 0.02, 15.55, 18.39, 0.98, 16.83, 21.5699, 23.0199, 12.95]","[None, None, None, None, None, None, None, None, None, None, None, None, None, None, None, None, None, None, None, None, None, None, None, None, None, None, None, None, None, None, None, None, None, None]","[0.0, 0.0, -0.03, 0.0, 0.0, 0.0, 0.0, 0.0, 0.0, 0.0, 0.0, 0.0, 0.0, 0.0, 0.0, -0.02, -0.25, -0.04, -0.11, -0.14, -0.91, -0.85, -0.09, -0.13, -0.09, -0.06, -0.01, -0.12, -0.15, -0.07, -0.12, -1.7000000000000002, -0.62, -1.13]","[-0.013000000000000001, 0.029, 0.03, 0.021, -0.011, -0.01, 0.10200000000000001, -0.022, 0.02, 0.026000000000000002, -0.019, 0.066, 0.073, 0.065, 0.019, 0.012, 0.047, 0.005, 0.025, 0.025, 0.028, 0.028, 0.004, 0.027, 0.03, 0.021, 0.028, 0.041, 0.037, 0.032, 0.039, 0.06, 0.082, 0.052000000000000005]","[-0.019, 0.054, 0.002, 0.035, -0.012, -0.036000000000000004, 0.30000000000000004, -0.034, -0.005, 0.009000000000000001, -0.006, 0.014, 0.014, 0.002, 0.063, 0.013000000000000001, 0.117, 0.016, 0.052000000000000005, 0.048, 0.038, 0.034, 0.013000000000000001, 0.042, 0.041, 0.034, 0.015, 0.045, 0.029, 0.008, 0.02, 0.023, 0.03, 0.001]","[-0.0117, 0.0264, 0.024900000000000002, 0.019200000000000002, -0.009300000000000001, -0.0102, 0.10020000000000001, -0.02, 0.0158, 0.021500000000000002, -0.015600000000000001, 0.055200000000000006, 0.0614, 0.054200000000000005, 0.019, 0.011, 0.045, 0.0045000000000000005, 0.023, 0.0236, 0.0251, 0.024900000000000002, 0.0044, 0.025, 0.026500000000000003, 0.0196, 0.024300000000000002, 0.0362, 0.032100000000000004, 0.0268, 0.0328, 0.0512, 0.0693, 0.0434]","[-0.038200000000000005, 0.0853, 0.0882, 0.061700000000000005, -0.0323, -0.029400000000000003, 0.2999, -0.06470000000000001, 0.058800000000000005, 0.0765, -0.055900000000000005, 0.19410000000000002, 0.2147, 0.19110000000000002, 0.055900000000000005, 0.035300000000000005, 0.13820000000000002, 0.014700000000000001, 0.07350000000000001, 0.07350000000000001, 0.0823, 0.0823, 0.0118, 0.0794, 0.0882, 0.061700000000000005, 0.0823, 0.1206, 0.10880000000000001, 0.0941, 0.11470000000000001, 0.1764, 0.2411, 0.1529]","[0.1996, -0.5673, -0.021, -0.3677, 0.12610000000000002, 0.37820000000000004, -3.1516, 0.3572, 0.052500000000000005, -0.0945, 0.063, -0.1471, -0.1471, -0.021, -0.6618, -0.1366, -1.2291, -0.1681, -0.5463, -0.5042, -0.3992, -0.3572, -0.1366, -0.44120000000000004, -0.4307, -0.3572, -0.15760000000000002, -0.4727, -0.3047, -0.084, -0.2101, -0.2416, -0.31520000000000004, -0.0105]",7.598,-10.4646,-2.8666,10.5052,2.8841,6.4673,446.611,-60.3,-6.61
Ciprofloxacin+,,"[-0.1923, -0.0027, 0.0199, -0.0247, 0.0122, 0.1027, -0.0244, -0.059300000000000005, -0.0437, 0.0597, -0.079, 0.0018000000000000002, 0.22660000000000002, 0.0008, -0.0712, 0.0434, -0.0979, 0.018500000000000003, 0.006, -0.020800000000000003, -0.1555, -0.0575, -0.0648, -0.039900000000000005, 0.097, 0.073, 0.044, 0.0558, 0.08600000000000001, 0.08, 0.08270000000000001, 0.1331, 0.1383, 0.0781, 0.082, 0.0587, 0.0762, 0.08020000000000001, 0.051500000000000004, 0.049600000000000005, 0.0534, 0.0618, 0.0608]","[40.8084, 9.7102, 23.7691, 5.4601, 9.2502, 0.47000000000000003, 4.7701, 6.4802, 2.7801, 0.6000000000000001, 2.4301, 6.2501, 1.23, 6.2101, 4.3001000000000005, 6.1601, 30.2094, 13.2203, 5.4101, 7.4702, 30.8688, 1.54, 9.6502, 13.9003, 22.2799, 4.96, 2.81, 9.85, 13.03, 16.74, 21.4799, 15.86, 21.9099, 15.02, 21.4799, 15.16, 7.33, 12.53, 19.06, 19.95, 14.95, 22.3199, 14.28]","[None, None, None, None, None, None, None, None, None, None, None, None, None, None, None, None, None, None, None, None, None, None, None, None, None, None, None, None, None, None, None, None, None, None, None, None, None, None, None, None, None, None, None]","[-0.48, -0.08, -0.11, -0.01, 0.0, 0.0, 0.0, 0.0, 0.0, 0.0, 0.0, 0.0, 0.0, 0.0, 0.0, -0.01, -0.24, 0.0, 0.0, -0.03, -0.45, 0.0, 0.0, 0.0, -4.63, -0.09, -0.06, -0.04, -0.1, -0.31, -0.31, -1.28, -1.9100000000000001, -0.30000000000000004, -0.34, -0.06, -0.09, -0.09, -0.14, -0.14, -0.08, -0.11, -0.05]","[0.063, 0.012, 0.024, 0.029, 0.043000000000000003, 0.041, 0.015, 0.047, 0.05, 0.021, -0.009000000000000001, -0.003, -0.002, -0.004, -0.007, 0.027, 0.048, 0.045, 0.021, 0.031, 0.10400000000000001, -0.018000000000000002, -0.003, 0.0, 0.032, 0.059000000000000004, 0.06, 0.017, 0.005, 0.009000000000000001, 0.02, 0.009000000000000001, 0.017, 0.008, 0.02, 0.02, 0.001, 0.053, 0.025, 0.024, 0.008, 0.028, 0.01]","[0.109, 0.01, 0.032, 0.042, 0.009000000000000001, 0.048, 0.01, 0.014, 0.019, 0.049, -0.012, -0.003, -0.002, -0.004, -0.01, 0.029, 0.051000000000000004, 0.011, 0.03, 0.019, 0.14300000000000002, -0.013000000000000001, 0.005, 0.001, 0.036000000000000004, 0.044, 0.036000000000000004, 0.023, 0.01, 0.009000000000000001, 0.02, 0.008, 0.016, 0.008, 0.019, 0.026000000000000002, 0.007, 0.03, 0.034, 0.027, 0.014, 0.029, 0.013000000000000001]","[0.057, 0.0102, 0.0212, 0.0262, 0.035, 0.0362, 0.0122, 0.0381, 0.0408, 0.0198, -0.007500000000000001, -0.0026000000000000003, -0.0017000000000000001, -0.0034000000000000002, -0.0058000000000000005, 0.0234, 0.042, 0.0368, 0.019100000000000002, 0.026000000000000002, 0.0915, -0.0148, -0.0021000000000000003, -0.0004, 0.027800000000000002, 0.0495, 0.050300000000000004, 0.015, 0.004200000000000001, 0.0078000000000000005, 0.0172, 0.0081, 0.0142, 0.006900000000000001, 0.0167, 0.0176, 0.0012000000000000001, 0.0439, 0.0217, 0.0213, 0.0073, 0.0238, 0.0092]","[0.1733, 0.033, 0.066, 0.07980000000000001, 0.1183, 0.11280000000000001, 0.0413, 0.1293, 0.1375, 0.057800000000000004, -0.024800000000000003, -0.0083, -0.0055000000000000005, -0.011, -0.0193, 0.0743, 0.132, 0.12380000000000001, 0.057800000000000004, 0.0853, 0.28600000000000003, -0.0495, -0.0083, 0.0, 0.088, 0.1623, 0.165, 0.0468, 0.013800000000000002, 0.024800000000000003, 0.055, 0.024800000000000003, 0.0468, 0.022, 0.055, 0.055, 0.0028, 0.1458, 0.0688, 0.066, 0.022, 0.077, 0.0275]","[-1.0989, -0.1008, -0.3226, -0.4234, -0.0907, -0.4839, -0.1008, -0.1411, -0.19160000000000002, -0.494, 0.121, 0.0302, 0.020200000000000003, 0.0403, 0.1008, -0.2924, -0.5142, -0.1109, -0.3025, -0.19160000000000002, -1.4417, 0.1311, -0.0504, -0.010100000000000001, -0.3629, -0.4436, -0.3629, -0.23190000000000002, -0.1008, -0.0907, -0.2016, -0.08070000000000001, -0.1613, -0.08070000000000001, -0.19160000000000002, -0.2621, -0.07060000000000001, -0.3025, -0.3428, -0.2722, -0.1411, -0.2924, -0.1311]",7.0639,-10.0801,-3.0162,10.0818,2.6795,25.5742,533.9477,-97.73,-11.45
Cladribine+,,"[0.2209, -0.0005, -0.046700000000000005, -0.1739, 0.2436, 0.003, -0.0098, -0.09, -0.067, 0.0448, 0.1468, -0.0204, -0.06910000000000001, -0.0285, -0.012700000000000001, -0.0388, -0.0675, -0.054700000000000006, -0.062200000000000005, 0.166, 0.1666, 0.1663, 0.054, 0.0659, 0.06330000000000001, 0.057600000000000005, 0.047900000000000005, 0.0627, 0.0487, 0.057100000000000005, 0.060700000000000004, 0.0658]","[6.4899000000000004, 6.6902, 14.6298, 8.1202, 73.5599, 9.0999, 5.3601, 7.1402, 21.9098, 13.0903, 0.54, 0.8300000000000001, 4.5601, 1.23, 0.28, 14.4294, 5.0701, 22.6891, 28.1789, 17.11, 23.8099, 24.1499, 2.4, 15.13, 14.31, 11.68, 15.77, 15.28, 9.46, 19.98, 20.51, 21.6499]","[None, None, None, None, None, None, None, None, None, None, None, None, None, None, None, None, None, None, None, None, None, None, None, None, None, None, None, None, None, None, None, None]","[0.0, 0.0, -0.04, -0.04, 0.0, -0.05, 0.0, 0.0, -0.04, -0.01, 0.0, 0.0, 0.0, 0.0, 0.0, -0.06, 0.0, -0.15, -0.32, -2.2800000000000002, -3.07, -3.09, -0.12, -0.11, -0.12, -0.07, -0.02, -0.1, -0.05, -0.04, -3.11, -3.4]","[-0.005, 0.095, 0.094, 0.01, 0.14400000000000002, 0.13, 0.022, 0.027, 0.082, 0.051000000000000004, 0.05, -0.011, -0.005, -0.001, -0.007, 0.012, -0.007, -0.008, 0.008, 0.032, 0.044, 0.044, 0.079, 0.022, 0.014, 0.002, 0.019, 0.023, -0.007, 0.021, 0.012, 0.011]","[0.002, 0.017, 0.057, -0.002, 0.121, 0.063, 0.0, 0.01, 0.07200000000000001, -0.004, 0.018000000000000002, -0.01, -0.008, -0.003, 0.005, 0.066, -0.006, 0.08600000000000001, 0.064, 0.012, 0.02, 0.02, 0.014, 0.045, 0.03, 0.027, 0.049, 0.046, 0.039, 0.07100000000000001, 0.04, 0.039]","[-0.005200000000000001, 0.10590000000000001, 0.10360000000000001, 0.011300000000000001, 0.157, 0.1438, 0.0247, 0.0304, 0.089, 0.056900000000000006, 0.055400000000000005, -0.0114, -0.0047, -0.001, -0.0081, 0.0106, -0.0081, -0.012700000000000001, 0.006200000000000001, 0.0354, 0.0485, 0.0485, 0.0876, 0.0233, 0.014400000000000001, 0.0016, 0.019200000000000002, 0.0233, -0.0095, 0.0205, 0.0118, 0.010700000000000001]","[-0.020800000000000003, 0.39530000000000004, 0.3911, 0.041600000000000005, 0.5992000000000001, 0.5409, 0.0915, 0.11230000000000001, 0.3412, 0.2122, 0.20800000000000002, -0.0458, -0.020800000000000003, -0.004200000000000001, -0.0291, 0.0499, -0.0291, -0.0333, 0.0333, 0.1331, 0.1831, 0.1831, 0.3287, 0.0915, 0.058300000000000005, 0.0083, 0.0791, 0.09570000000000001, -0.0291, 0.0874, 0.0499, 0.0458]","[-0.022600000000000002, -0.1917, -0.6427, 0.022600000000000002, -1.3644, -0.7104, 0.0, -0.11280000000000001, -0.8119000000000001, 0.0451, -0.203, 0.11280000000000001, 0.0902, 0.033800000000000004, -0.056400000000000006, -0.7442000000000001, 0.06770000000000001, -0.9697, -0.7217, -0.1353, -0.2255, -0.2255, -0.1579, -0.5074000000000001, -0.3383, -0.3045, -0.5525, -0.5187, -0.4398, -0.8006000000000001, -0.451, -0.4398]",8.6874,-12.0506,-3.3633,11.276,4.1382,13.0948,455.1376,-84.33,-16.22
Clotrimazole+,,"[0.21730000000000002, -0.1355, -0.0506, -0.0599, -0.0451, -0.0497, -0.0187, -0.011, -0.013600000000000001, -0.0448, -0.053200000000000004, -0.0471, -0.0155, -0.0128, -0.020200000000000003, -0.0541, 0.18080000000000002, 0.0178, 0.0211, 0.1472, 0.0711, -0.064, -0.0206, 0.0009000000000000001, -0.0252, 0.045700000000000005, 0.056, 0.0565, 0.0572, 0.0451, 0.047900000000000005, 0.057600000000000005, 0.057, 0.0563, 0.0471, 0.0757, 0.07730000000000001, 0.1135, 0.0883, 0.033800000000000004, 0.055200000000000006, 0.0599, 0.0555]","[35.6099, 0.33, 0.0, 0.0, 0.0, 2.4701, 14.6203, 16.1704, 13.7703, 1.9500000000000002, 0.0, 1.74, 14.1103, 16.4904, 15.0304, 2.2500999999999998, 0.0, 7.0402, 21.7205, 8.1299, 6.1401, 3.1801, 15.9204, 16.4304, 13.3103, 7.77, 22.3899, 22.4899, 22.3799, 5.85, 7.5, 22.3299, 22.5299, 22.4199, 8.18, 8.67, 22.9699, 26.1299, 10.77, 7.38, 22.3399, 22.4899, 18.42]","[None, None, None, None, None, None, None, None, None, None, None, None, None, None, None, None, None, None, None, None, None, None, None, None, None, None, None, None, None, None, None, None, None, None, None, None, None, None, None, None, None, None, None]","[0.0, 0.0, 0.0, 0.0, 0.0, 0.0, 0.0, 0.0, 0.0, 0.0, 0.0, 0.0, 0.0, 0.0, 0.0, 0.0, 0.0, 0.0, 0.0, 0.0, 0.0, 0.0, 0.0, 0.0, 0.0, -0.04, -0.06, -0.04, -0.03, -0.02, -0.02, -0.04, -0.04, -0.05, -0.03, -0.16, -0.46, -2.29, -0.27, -0.06, -0.13, -0.1, -0.08]","[0.044, 0.01, 0.01, -0.005, 0.001, -0.001, 0.009000000000000001, 0.019, 0.01, 0.006, 0.0, 0.002, 0.008, 0.018000000000000002, 0.01, -0.001, 0.064, 0.013000000000000001, 0.019, 0.065, 0.064, 0.007, 0.013000000000000001, 0.023, 0.015, 0.006, 0.028, 0.034, 0.029, 0.016, 0.014, 0.029, 0.034, 0.029, 0.01, 0.051000000000000004, 0.061, 0.057, 0.069, 0.003, 0.033, 0.04, 0.034]","[0.158, 0.008, 0.016, -0.001, 0.014, 0.015, 0.019, 0.024, 0.02, 0.008, 0.008, 0.007, 0.017, 0.02, 0.018000000000000002, 0.012, -0.004, -0.003, 0.008, 0.014, -0.004, 0.01, 0.03, 0.02, 0.014, 0.03, 0.041, 0.045, 0.04, 0.022, 0.018000000000000002, 0.039, 0.04, 0.039, 0.029, 0.003, 0.024, 0.02, 0.006, 0.035, 0.045, 0.044, 0.033]","[0.0444, 0.009600000000000001, 0.0098, -0.0048000000000000004, 0.0017000000000000001, -0.0007, 0.0089, 0.018000000000000002, 0.0098, 0.0058000000000000005, 0.0001, 0.0025, 0.008400000000000001, 0.017400000000000002, 0.0098, -0.0012000000000000001, 0.0608, 0.0123, 0.0187, 0.0625, 0.0608, 0.0063, 0.012400000000000001, 0.0217, 0.015, 0.006200000000000001, 0.027800000000000002, 0.032600000000000004, 0.0287, 0.015600000000000001, 0.013600000000000001, 0.028200000000000003, 0.033, 0.028200000000000003, 0.0095, 0.0485, 0.0579, 0.054, 0.06520000000000001, 0.0034000000000000002, 0.032100000000000004, 0.038700000000000005, 0.0333]","[0.151, 0.034300000000000004, 0.034300000000000004, -0.0172, 0.0034000000000000002, -0.0034000000000000002, 0.0309, 0.06520000000000001, 0.034300000000000004, 0.0206, 0.0, 0.006900000000000001, 0.0275, 0.0618, 0.034300000000000004, -0.0034000000000000002, 0.2197, 0.0446, 0.06520000000000001, 0.22310000000000002, 0.2197, 0.024, 0.0446, 0.0789, 0.051500000000000004, 0.0206, 0.0961, 0.11670000000000001, 0.0995, 0.054900000000000004, 0.048100000000000004, 0.0995, 0.11670000000000001, 0.0995, 0.034300000000000004, 0.1751, 0.2094, 0.1957, 0.2368, 0.0103, 0.11330000000000001, 0.1373, 0.11670000000000001]","[-1.7021000000000002, -0.0862, -0.1724, 0.0108, -0.15080000000000002, -0.16160000000000002, -0.20470000000000002, -0.2586, -0.2155, -0.0862, -0.0862, -0.07540000000000001, -0.1831, -0.2155, -0.19390000000000002, -0.1293, 0.0431, 0.0323, -0.0862, -0.15080000000000002, 0.0431, -0.1077, -0.32320000000000004, -0.2155, -0.15080000000000002, -0.32320000000000004, -0.44170000000000004, -0.4848, -0.4309, -0.23700000000000002, -0.19390000000000002, -0.4202, -0.4309, -0.4202, -0.3124, -0.0323, -0.2586, -0.2155, -0.0646, -0.3771, -0.4848, -0.47400000000000003, -0.35550000000000004]",8.7047,-11.9308,-3.2261,10.7731,3.4285,10.3177,529.4234,-54.07,-3.95
Colchicine+,,"[-0.1753, -0.0349, -0.057600000000000005, -0.0298, -0.0441, 0.1342, 0.13390000000000002, 0.0969, -0.06910000000000001, -0.0656, -0.06670000000000001, 0.056100000000000004, 0.0095, -0.0626, -0.040100000000000004, -0.0081, -0.0317, -0.07250000000000001, -0.020300000000000002, -0.0409, -0.0765, -0.024300000000000002, -0.038, -0.0811, -0.0212, -0.0702, -0.0021000000000000003, -0.0166, -0.082, 0.043300000000000005, 0.062200000000000005, 0.0983, 0.12440000000000001, 0.09630000000000001, 0.1017, 0.09530000000000001, 0.0599, 0.061200000000000004, 0.0671, 0.06720000000000001, 0.0673, 0.0631, 0.06280000000000001, 0.0684, 0.07150000000000001, 0.06430000000000001, 0.0587, 0.058300000000000005, 0.0623, 0.0563, 0.057300000000000004, 0.0488, 0.0702, 0.058300000000000005, 0.056100000000000004]","[29.1789, 3.9601, 4.5401, 0.0, 0.18, 2.56, 4.5501000000000005, 31.7988, 14.4703, 3.7601, 6.1501, 6.4802, 15.2294, 18.9404, 13.0703, 4.5901, 0.0, 0.6000000000000001, 1.44, 2.7699, 15.5504, 4.3001000000000005, 8.1197, 15.9504, 2.6201, 8.0002, 5.4501, 4.3998, 18.6904, 5.82, 3.01, 11.16, 20.92, 10.44, 5.85, 18.95, 14.79, 16.83, 15.84, 11.62, 22.6399, 14.71, 16.77, 17.48, 10.05, 21.4799, 13.32, 13.32, 19.91, 13.31, 16.37, 6.72, 21.5699, 17.61, 17.73]","[None, None, None, None, None, None, None, None, None, None, None, None, None, None, None, None, None, None, None, None, None, None, None, None, None, None, None, None, None, None, None, None, None, None, None, None, None, None, None, None, None, None, None, None, None, None, None, None, None, None, None, None, None, None, None]","[-0.33, 0.0, 0.0, 0.0, 0.0, 0.0, 0.0, -0.14, 0.0, 0.0, 0.0, -0.01, -0.04, 0.0, 0.0, 0.0, 0.0, 0.0, 0.0, 0.0, 0.0, 0.0, -0.06, 0.0, 0.0, -0.01, 0.0, 0.0, 0.0, -0.07, -0.05, -0.84, -4.79, -0.26, -0.19, -0.38, -0.1, -0.13, -0.08, -0.05, -0.16, -0.11, -0.08, -0.13, -0.07, -0.14, -0.03, -0.07, -0.1, -0.06, -0.04, -0.04, -0.14, -0.07, -0.07]","[0.044, 0.006, 0.021, 0.011, -0.009000000000000001, 0.056, 0.079, 0.074, -0.023, -0.007, -0.005, 0.038, 0.049, -0.016, 0.009000000000000001, 0.027, 0.024, -0.011, 0.002, -0.006, -0.007, 0.008, 0.012, -0.008, 0.002, 0.003, 0.013000000000000001, 0.019, -0.009000000000000001, 0.017, 0.028, 0.046, 0.041, 0.053, 0.046, 0.046, 0.015, 0.019, 0.023, 0.006, 0.03, 0.02, 0.02, 0.039, 0.043000000000000003, 0.007, 0.01, 0.011, 0.014, 0.01, 0.007, 0.019, 0.016, 0.009000000000000001, 0.007]","[0.069, 0.008, 0.017, 0.01, -0.001, -0.004, 0.003, 0.018000000000000002, -0.003, -0.006, -0.007, 0.016, 0.058, -0.017, 0.017, 0.008, 0.018000000000000002, 0.021, 0.013000000000000001, 0.034, -0.015, 0.02, 0.062, -0.018000000000000002, 0.027, 0.013000000000000001, 0.022, 0.054, -0.019, 0.031, 0.0, 0.01, 0.011, 0.0, -0.006, 0.014, 0.019, 0.019, 0.023, 0.016, 0.033, 0.034, 0.032, 0.032, 0.02, 0.026000000000000002, 0.019, 0.022, 0.036000000000000004, 0.036000000000000004, 0.029, 0.035, 0.031, 0.03, 0.03]","[0.0502, 0.0071, 0.026600000000000002, 0.0132, -0.0123, 0.0782, 0.1091, 0.0999, -0.031400000000000004, -0.0082, -0.0059, 0.050300000000000004, 0.06, -0.019, 0.01, 0.0369, 0.030600000000000002, -0.0183, 0.0015, -0.013300000000000001, -0.007500000000000001, 0.0081, 0.007500000000000001, -0.008400000000000001, -0.0006000000000000001, 0.0022, 0.0142, 0.019, -0.0097, 0.019, 0.0388, 0.0623, 0.055200000000000006, 0.0728, 0.0646, 0.061700000000000005, 0.018000000000000002, 0.0235, 0.0285, 0.006, 0.0361, 0.0227, 0.023, 0.0487, 0.056, 0.006500000000000001, 0.0117, 0.0126, 0.014100000000000001, 0.0085, 0.0054, 0.0212, 0.017, 0.008700000000000001, 0.0047]","[0.1837, 0.025, 0.0877, 0.0459, -0.0376, 0.2338, 0.32980000000000004, 0.3089, -0.096, -0.0292, -0.020900000000000002, 0.15860000000000002, 0.2046, -0.0668, 0.0376, 0.11270000000000001, 0.10020000000000001, -0.0459, 0.0083, -0.025, -0.0292, 0.0334, 0.050100000000000006, -0.0334, 0.0083, 0.0125, 0.0543, 0.07930000000000001, -0.0376, 0.07100000000000001, 0.1169, 0.192, 0.17120000000000002, 0.22130000000000002, 0.192, 0.192, 0.0626, 0.07930000000000001, 0.096, 0.025, 0.1252, 0.0835, 0.0835, 0.1628, 0.17950000000000002, 0.0292, 0.0417, 0.0459, 0.0584, 0.0417, 0.0292, 0.07930000000000001, 0.0668, 0.0376, 0.0292]","[-0.653, -0.0757, -0.16090000000000002, -0.0946, 0.0095, 0.0379, -0.0284, -0.1704, 0.0284, 0.0568, 0.06620000000000001, -0.1514, -0.5489, 0.16090000000000002, -0.16090000000000002, -0.0757, -0.1704, -0.19870000000000002, -0.123, -0.32180000000000003, 0.14200000000000002, -0.1893, -0.5868, 0.1704, -0.2555, -0.123, -0.2082, -0.5111, 0.17980000000000002, -0.2934, 0.0, -0.0946, -0.1041, 0.0, 0.0568, -0.1325, -0.17980000000000002, -0.17980000000000002, -0.2177, -0.1514, -0.3123, -0.32180000000000003, -0.3029, -0.3029, -0.1893, -0.2461, -0.17980000000000002, -0.2082, -0.3407, -0.3407, -0.2745, -0.3312, -0.2934, -0.28390000000000004, -0.28390000000000004]",6.6259,-10.4006,-3.7747,9.4641,4.0199,11.0141,625.5692,-67.47,-8.9
Etodolac+,,"[-0.1212, -0.0906, -0.0081, -0.0007, 0.0067, -0.002, -0.0267, -0.0097, 0.2102, -0.0053, 0.022500000000000003, -0.0669, -0.031100000000000003, -0.0415, -0.040600000000000004, -0.0925, -0.11410000000000001, -0.06960000000000001, 0.0489, 0.057600000000000005, -0.0918, 0.0646, 0.0635, 0.0422, 0.0504, 0.06720000000000001, 0.0625, 0.06430000000000001, 0.0621, 0.11370000000000001, 0.0388, 0.07250000000000001, 0.0747, 0.0714, 0.051800000000000006, 0.0472, 0.057300000000000004, 0.0616, 0.053700000000000005, 0.0663, 0.0845, 0.0752, 0.12090000000000001]","[16.4004, 6.0201, 2.8201, 12.0103, 16.1604, 14.4703, 4.9301, 2.6001000000000003, 0.0, 0.52, 2.5301, 3.8701, 5.5701, 6.7897, 0.0, 3.5101, 15.3404, 2.8301, 4.9301, 30.1788, 23.8491, 22.1999, 17.78, 11.97, 11.8, 16.34, 17.27, 22.3799, 16.13, 3.99, 0.2, 16.53, 18.33, 21.19, 10.91, 11.77, 11.22, 12.58, 14.36, 22.0399, 8.75, 11.86, 22.7499]","[None, None, None, None, None, None, None, None, None, None, None, None, None, None, None, None, None, None, None, None, None, None, None, None, None, None, None, None, None, None, None, None, None, None, None, None, None, None, None, None, None, None, None]","[0.0, 0.0, 0.0, 0.0, 0.0, 0.0, 0.0, 0.0, 0.0, 0.0, 0.0, 0.0, 0.0, -0.07, 0.0, 0.0, 0.0, 0.0, 0.0, -0.18, -0.26, -0.06, -0.04, -0.03, -0.06, -0.06, -0.07, -0.08, -0.07, -0.48, -0.13, -0.11, -0.14, -0.11, -0.02, -0.05, -0.04, -0.04, -0.04, -0.06, -0.16, -0.18, -5.26]","[-0.009000000000000001, -0.009000000000000001, 0.025, 0.042, 0.018000000000000002, 0.028, 0.031, 0.018000000000000002, 0.001, 0.054, 0.045, -0.012, -0.013000000000000001, 0.014, 0.003, -0.002, -0.011, -0.011, 0.043000000000000003, 0.057, 0.062, 0.027, 0.014, 0.004, 0.017, 0.026000000000000002, 0.057, 0.052000000000000005, 0.049, 0.039, 0.023, 0.037, 0.035, 0.034, 0.023, 0.014, 0.014, 0.013000000000000001, 0.013000000000000001, 0.025, 0.04, 0.039, 0.032]","[-0.004, -0.004, 0.03, 0.034, 0.015, 0.03, 0.023, 0.009000000000000001, 0.002, 0.027, 0.021, -0.005, -0.012, 0.069, 0.007, 0.005, -0.011, -0.005, -0.001, 0.019, 0.012, 0.037, 0.025, 0.017, 0.028, 0.038, 0.047, 0.046, 0.042, 0.022, 0.018000000000000002, 0.039, 0.037, 0.04, 0.044, 0.032, 0.03, 0.027, 0.04, 0.067, 0.022, 0.02, 0.018000000000000002]","[-0.008, -0.008, 0.0235, 0.039900000000000005, 0.0176, 0.0268, 0.029400000000000003, 0.0175, 0.0005, 0.0505, 0.0424, -0.0118, -0.0119, 0.015, 0.0029000000000000002, -0.0022, -0.0105, -0.010400000000000001, 0.040100000000000004, 0.0536, 0.058100000000000006, 0.026000000000000002, 0.014100000000000001, 0.0046, 0.016900000000000002, 0.0251, 0.054200000000000005, 0.0495, 0.0461, 0.0364, 0.021400000000000002, 0.035300000000000005, 0.0334, 0.032600000000000004, 0.0229, 0.013800000000000002, 0.0137, 0.012700000000000001, 0.0125, 0.024800000000000003, 0.0378, 0.0363, 0.0302]","[-0.031900000000000005, -0.031900000000000005, 0.0887, 0.1491, 0.0639, 0.0994, 0.11, 0.0639, 0.0035, 0.1917, 0.1597, -0.0426, -0.0461, 0.0497, 0.0106, -0.0071, -0.039, -0.039, 0.1526, 0.2023, 0.22010000000000002, 0.09580000000000001, 0.0497, 0.0142, 0.0603, 0.09230000000000001, 0.2023, 0.18460000000000001, 0.1739, 0.1384, 0.0816, 0.1313, 0.1242, 0.1207, 0.0816, 0.0497, 0.0497, 0.0461, 0.0461, 0.0887, 0.14200000000000002, 0.1384, 0.1136]","[0.0454, 0.0454, -0.3402, -0.3855, -0.1701, -0.3402, -0.26080000000000003, -0.10210000000000001, -0.0227, -0.3062, -0.2381, 0.0567, 0.1361, -0.7824, -0.0794, -0.0567, 0.1247, 0.0567, 0.011300000000000001, -0.2155, -0.1361, -0.41960000000000003, -0.28350000000000003, -0.1928, -0.3175, -0.4309, -0.533, -0.5216000000000001, -0.4763, -0.2495, -0.2041, -0.44220000000000004, -0.41960000000000003, -0.4536, -0.4989, -0.3629, -0.3402, -0.3062, -0.4536, -0.7598, -0.2495, -0.2268, -0.2041]",9.4186,-12.3627,-2.9441,11.3396,3.5417,1.6992,497.6796,-53.46,-7.74
Griseofulvin,,"[-0.1233, -0.0167, -0.057300000000000004, 0.0207, 0.0037, -0.07680000000000001, -0.08710000000000001, -0.0007, -0.1841, 0.1726, 0.0018000000000000002, -0.023200000000000002, -0.07680000000000001, -0.0183, 0.0009000000000000001, -0.0483, -0.12040000000000001, -0.08850000000000001, 0.0199, 0.0008, -0.0666, -0.07680000000000001, 0.009600000000000001, -0.1592, 0.0688, 0.055600000000000004, 0.0558, 0.038, 0.0568, 0.057, 0.0682, 0.058, 0.059000000000000004, 0.054200000000000005, 0.057, 0.06520000000000001, 0.061900000000000004, 0.0683, 0.0603, 0.059800000000000006, 0.05]","[25.319, 1.34, 3.0201, 6.6402, 10.0096, 18.8704, 7.6802, 3.3301, 5.5701, 61.1199, 6.6102, 10.7896, 19.0404, 2.7199, 0.0, 0.08, 13.5403, 5.2301, 0.88, 4.6498, 19.3905, 7.6102, 2.9401, 47.4182, 22.6699, 17.75, 17.63, 1.4100000000000001, 17.75, 17.59, 22.6899, 14.65, 19.04, 9.17, 10.47, 12.53, 15.84, 22.7099, 17.82, 17.51, 10.57]","[None, None, None, None, None, None, None, None, None, None, None, None, None, None, None, None, None, None, None, None, None, None, None, None, None, None, None, None, None, None, None, None, None, None, None, None, None, None, None, None, None]","[-0.22, 0.0, 0.0, -0.02, -0.04, 0.0, -0.01, 0.0, 0.0, 0.0, -0.01, -0.04, 0.0, 0.0, 0.0, 0.0, 0.0, 0.0, 0.0, -0.04, 0.0, 0.0, 0.0, -0.5, -0.25, -0.11, -0.11, -0.03, -0.11, -0.11, -0.25, -0.06, -0.09, -0.05, -0.03, -0.13, -0.13, -0.27, -0.12, -0.11, -0.09]","[0.10200000000000001, 0.04, 0.022, 0.033, 0.031, -0.016, 0.011, 0.018000000000000002, 0.015, 0.069, 0.045, 0.043000000000000003, -0.018000000000000002, 0.033, 0.002, 0.0, -0.012, -0.01, 0.032, 0.022, -0.015, 0.018000000000000002, 0.03, 0.092, 0.027, 0.019, 0.02, 0.044, 0.02, 0.02, 0.029, 0.022, 0.028, 0.007, 0.009000000000000001, 0.027, 0.036000000000000004, 0.024, 0.02, 0.019, 0.043000000000000003]","[0.059000000000000004, 0.004, 0.019, 0.018000000000000002, 0.051000000000000004, -0.018000000000000002, 0.014, 0.01, 0.026000000000000002, 0.162, 0.015, 0.037, -0.017, 0.026000000000000002, 0.003, -0.001, -0.011, 0.009000000000000001, 0.011, 0.022, -0.014, 0.014, 0.015, 0.113, 0.028, 0.027, 0.027, 0.035, 0.023, 0.023, 0.027, 0.03, 0.026000000000000002, 0.017, 0.014, 0.027, 0.035, 0.021, 0.018000000000000002, 0.015, 0.039]","[0.057100000000000005, 0.02, 0.013300000000000001, 0.0179, 0.0212, -0.01, 0.0067, 0.01, 0.010100000000000001, 0.0533, 0.023700000000000002, 0.025400000000000002, -0.0111, 0.0189, 0.0016, -0.0004, -0.007500000000000001, -0.0041, 0.0172, 0.0134, -0.009300000000000001, 0.0105, 0.0167, 0.058100000000000006, 0.0162, 0.0125, 0.012700000000000001, 0.0253, 0.0122, 0.0122, 0.017400000000000002, 0.0143, 0.016800000000000002, 0.0054, 0.0064, 0.0164, 0.021400000000000002, 0.013900000000000001, 0.0119, 0.0111, 0.0256]","[0.12860000000000002, 0.0504, 0.027700000000000002, 0.041600000000000005, 0.0391, -0.020200000000000003, 0.013900000000000001, 0.0227, 0.0189, 0.08700000000000001, 0.0567, 0.054200000000000005, -0.0227, 0.041600000000000005, 0.0025, 0.0, -0.0151, -0.0126, 0.0403, 0.027700000000000002, -0.0189, 0.0227, 0.0378, 0.116, 0.034, 0.024, 0.0252, 0.0555, 0.0252, 0.0252, 0.0366, 0.027700000000000002, 0.035300000000000005, 0.0088, 0.011300000000000001, 0.034, 0.0454, 0.0303, 0.0252, 0.024, 0.054200000000000005]","[-0.4469, -0.0303, -0.1439, -0.1363, -0.38630000000000003, 0.1363, -0.106, -0.0757, -0.19690000000000002, -1.227, -0.1136, -0.2802, 0.1288, -0.19690000000000002, -0.0227, 0.0076, 0.0833, -0.0682, -0.0833, -0.1666, 0.106, -0.106, -0.1136, -0.8559, -0.2121, -0.20450000000000002, -0.20450000000000002, -0.2651, -0.17420000000000002, -0.17420000000000002, -0.20450000000000002, -0.2272, -0.19690000000000002, -0.1288, -0.106, -0.20450000000000002, -0.2651, -0.15910000000000002, -0.1363, -0.1136, -0.2954]",9.2713,-9.2606,0.010700000000000001,7.5739,0.7326,8.9469,551.5983,-16.08,-2.9
Hydroquinine+,,"[-0.0444, -0.0543, -0.019, 0.233, -0.0177, -0.061900000000000004, -0.017400000000000002, -0.0471, -0.0782, -0.121, -0.0371, -0.06, -0.0414, -0.0683, -0.0378, 0.0267, -0.029900000000000003, -0.043500000000000004, -0.0852, 0.009000000000000001, -0.0148, -0.0823, -0.0076, -0.0044, 0.08270000000000001, 0.0675, 0.06520000000000001, 0.0896, 0.0765, 0.0761, 0.0729, 0.066, 0.0738, 0.057300000000000004, 0.057300000000000004, 0.049300000000000004, 0.056900000000000006, 0.0562, 0.052700000000000004, 0.0645, 0.0653, 0.0654, 0.0728, 0.0459, 0.055200000000000006, 0.0297, 0.057100000000000005, 0.051500000000000004, 0.073, 0.061900000000000004, 0.062200000000000005]","[10.4396, 0.28, 0.0, 0.0, 6.7102, 6.4302, 1.6, 0.08, 3.2101, 16.2804, 0.13, 4.1101, 2.3901, 5.9701, 17.790399999999998, 19.2998, 6.2001, 2.8801, 5.5501000000000005, 6.5102, 17.2693, 18.9804, 15.3904, 15.4304, 20.45, 9.93, 1.33, 1.81, 15.8, 14.97, 17.88, 15.71, 16.66, 2.65, 9.0, 9.22, 17.38, 18.59, 14.11, 22.1099, 9.78, 5.92, 16.33, 9.87, 22.9299, 0.46, 17.58, 15.93, 22.6799, 19.68, 19.93]","[None, None, None, None, None, None, None, None, None, None, None, None, None, None, None, None, None, None, None, None, None, None, None, None, None, None, None, None, None, None, None, None, None, None, None, None, None, None, None, None, None, None, None, None, None, None, None, None, None, None, None]","[0.0, 0.0, 0.0, 0.0, 0.0, 0.0, 0.0, 0.0, 0.0, 0.0, 0.0, 0.0, 0.0, 0.0, 0.0, -0.04, 0.0, 0.0, 0.0, -0.01, -0.05, 0.0, 0.0, 0.0, -3.04, -0.04, -0.02, -0.21, -0.16, -0.18, -0.1, -0.08, -0.14, -0.07, -0.04, -0.03, -0.04, -0.03, -0.03, -0.03, -0.05, -0.06, -0.09, -0.06, -0.05, -0.01, -0.07, -0.09, -0.16, -0.08, -0.1]","[0.02, -0.006, 0.003, 0.002, -0.003, -0.005, -0.005, -0.002, -0.002, -0.005, -0.002, -0.003, 0.076, 0.04, 0.022, 0.11, 0.013000000000000001, 0.017, 0.033, 0.038, 0.05, -0.021, 0.037, 0.044, 0.013000000000000001, 0.028, -0.001, -0.019, -0.003, 0.013000000000000001, 0.017, 0.005, 0.01, -0.003, 0.013000000000000001, -0.001, 0.007, 0.007, 0.004, 0.011, 0.019, 0.012, 0.012, 0.07200000000000001, 0.07200000000000001, 0.055, 0.02, 0.021, 0.036000000000000004, 0.065, 0.062]","[0.016, -0.002, -0.001, 0.001, -0.004, -0.005, -0.006, -0.003, -0.004, -0.008, 0.0, -0.004, 0.023, 0.016, 0.012, 0.123, 0.015, 0.022, 0.028, 0.02, 0.078, -0.022, 0.017, 0.015, 0.013000000000000001, 0.02, 0.002, -0.007, 0.003, 0.013000000000000001, 0.015, 0.009000000000000001, 0.013000000000000001, 0.001, 0.018000000000000002, 0.029, 0.039, 0.038, 0.044, 0.027, 0.015, 0.008, 0.013000000000000001, 0.049, 0.062, 0.044, 0.037, 0.038, 0.039, 0.046, 0.042]","[0.0182, -0.0053, 0.0026000000000000003, 0.0023, -0.0032, -0.0046, -0.004200000000000001, -0.0023, -0.0019, -0.004200000000000001, -0.0018000000000000002, -0.0023, 0.06810000000000001, 0.0357, 0.0198, 0.1018, 0.012, 0.015300000000000001, 0.030500000000000003, 0.0341, 0.046900000000000004, -0.0188, 0.033100000000000004, 0.0388, 0.0119, 0.025400000000000002, -0.0013000000000000002, -0.017, -0.0025, 0.0119, 0.0155, 0.0047, 0.0088, -0.0026000000000000003, 0.0126, 0.0002, 0.0076, 0.0081, 0.005200000000000001, 0.010700000000000001, 0.0173, 0.0108, 0.0115, 0.0656, 0.0656, 0.0495, 0.0194, 0.0194, 0.033600000000000005, 0.0584, 0.056]","[0.0618, -0.018600000000000002, 0.009300000000000001, 0.006200000000000001, -0.009300000000000001, -0.0155, -0.0155, -0.006200000000000001, -0.006200000000000001, -0.0155, -0.006200000000000001, -0.009300000000000001, 0.23500000000000001, 0.1237, 0.068, 0.3401, 0.0402, 0.0526, 0.10200000000000001, 0.11750000000000001, 0.15460000000000002, -0.0649, 0.1144, 0.1361, 0.0402, 0.08660000000000001, -0.0031000000000000003, -0.058800000000000005, -0.009300000000000001, 0.0402, 0.0526, 0.0155, 0.0309, -0.009300000000000001, 0.0402, -0.0031000000000000003, 0.0216, 0.0216, 0.012400000000000001, 0.034, 0.058800000000000005, 0.0371, 0.0371, 0.22260000000000002, 0.22260000000000002, 0.1701, 0.0618, 0.0649, 0.11130000000000001, 0.201, 0.1917]","[-0.16690000000000002, 0.020900000000000002, 0.010400000000000001, -0.010400000000000001, 0.0417, 0.0522, 0.0626, 0.0313, 0.0417, 0.0834, 0.0, 0.0417, -0.2399, -0.16690000000000002, -0.1252, -1.283, -0.1565, -0.2295, -0.2921, -0.2086, -0.8136, 0.2295, -0.1773, -0.1565, -0.1356, -0.2086, -0.020900000000000002, 0.073, -0.0313, -0.1356, -0.1565, -0.09390000000000001, -0.1356, -0.010400000000000001, -0.18780000000000002, -0.3025, -0.4068, -0.39640000000000003, -0.459, -0.2816, -0.1565, -0.0834, -0.1356, -0.5111, -0.6467, -0.459, -0.386, -0.39640000000000003, -0.4068, -0.4798, -0.43810000000000004]",8.3883,-11.0764,-2.6881,10.4312,3.0665,4.6499,551.621,-55.11,-5.22
Hydroxychloroquine+,,"[-0.121, -0.0644, 0.0383, -0.0217, -0.1005, -0.0522, -0.0054, -0.0109, -0.033600000000000005, -0.0383, -0.046200000000000005, -0.12840000000000001, 0.14350000000000002, -0.0359, -0.0683, -0.0711, -0.0318, 0.2217, -0.0264, -0.10020000000000001, -0.022, -0.021500000000000002, -0.0577, 0.061700000000000005, 0.0685, 0.054, 0.0417, 0.0511, 0.0251, 0.0449, 0.0402, 0.0471, 0.052000000000000005, 0.06570000000000001, 0.0577, 0.0613, 0.0523, 0.0716, 0.0651, 0.0821, 0.0716, 0.0716, 0.060200000000000004, 0.062200000000000005, 0.0849, 0.07590000000000001, 0.0723, 0.055900000000000005, 0.0738, 0.0835]","[13.9303, 0.23, 2.84, 4.4301, 8.270199999999999, 18.4004, 19.5998, 6.6302, 5.4201, 13.7903, 14.8003, 5.5601, 69.7799, 13.6303, 3.2701000000000002, 2.5701, 0.42, 0.0, 4.5100999999999996, 14.9703, 4.4501, 6.9602, 23.7391, 16.27, 20.02, 8.24, 5.75, 3.9699999999999998, 5.2, 22.7499, 12.64, 18.67, 16.74, 15.28, 8.15, 15.2, 5.29, 5.77, 5.1, 1.49, 12.52, 10.25, 5.8100000000000005, 13.53, 21.9199, 13.87, 10.96, 15.54, 21.32, 24.3999]","[None, None, None, None, None, None, None, None, None, None, None, None, None, None, None, None, None, None, None, None, None, None, None, None, None, None, None, None, None, None, None, None, None, None, None, None, None, None, None, None, None, None, None, None, None, None, None, None, None, None]","[0.0, 0.0, 0.0, 0.0, -0.01, 0.0, -0.06, -0.01, 0.0, 0.0, 0.0, 0.0, 0.0, 0.0, 0.0, 0.0, 0.0, 0.0, 0.0, 0.0, 0.0, 0.0, -0.16, -0.04, -0.06, -0.05, -0.03, -0.22, -0.02, -0.03, -0.06, -0.08, -0.08, -0.05, -0.02, -0.07, -0.04, -0.07, -0.07, -0.33, -0.14, -0.12, -0.04, -0.07, -0.12, -0.19, -0.16, -0.05, -0.07, -3.8]","[-0.01, -0.007, 0.037, 0.056, 0.021, 0.027, 0.085, 0.011, 0.013000000000000001, 0.048, 0.028, 0.031, 0.105, 0.046, -0.002, -0.005, 0.0, 0.014, -0.002, -0.005, 0.001, -0.003, -0.002, 0.013000000000000001, 0.01, 0.023, 0.013000000000000001, 0.028, 0.057, 0.064, 0.058, 0.061, 0.06, 0.013000000000000001, -0.004, 0.015, 0.014, -0.002, 0.004, 0.009000000000000001, 0.007, 0.013000000000000001, -0.003, 0.006, 0.013000000000000001, 0.001, 0.009000000000000001, 0.01, 0.011, 0.009000000000000001]","[-0.011, -0.008, 0.065, 0.018000000000000002, 0.043000000000000003, 0.006, 0.134, 0.009000000000000001, 0.021, 0.022, 0.019, 0.016, 0.187, 0.035, 0.001, -0.005, -0.001, 0.0, -0.004, -0.003, -0.001, -0.002, -0.003, 0.016, 0.012, 0.027, 0.021, 0.035, 0.064, 0.068, 0.048, 0.049, 0.049, 0.014, -0.002, 0.018000000000000002, 0.014, -0.006, 0.0, 0.003, 0.001, 0.01, -0.006, 0.004, 0.009000000000000001, -0.005, 0.004, 0.007, 0.006, 0.005]","[-0.0071, -0.0056, 0.029900000000000003, 0.0375, 0.0176, 0.017400000000000002, 0.06760000000000001, 0.0079, 0.0103, 0.0328, 0.0193, 0.021, 0.0852, 0.0324, -0.0008, -0.0037, -0.0005, 0.0089, -0.0017000000000000001, -0.0035, 0.0005, -0.0025, -0.0012000000000000001, 0.0095, 0.007500000000000001, 0.0173, 0.0103, 0.0216, 0.043000000000000003, 0.047400000000000005, 0.0417, 0.0437, 0.0434, 0.01, -0.0027, 0.0117, 0.0103, -0.0019, 0.0026000000000000003, 0.006, 0.0046, 0.009600000000000001, -0.0021000000000000003, 0.004200000000000001, 0.0092, 0.0002, 0.006500000000000001, 0.0067, 0.007200000000000001, 0.006200000000000001]","[-0.0205, -0.014400000000000001, 0.07590000000000001, 0.1149, 0.0431, 0.055400000000000005, 0.1744, 0.022600000000000002, 0.0267, 0.0985, 0.0575, 0.0636, 0.2155, 0.0944, -0.0041, -0.0103, 0.0, 0.0287, -0.0041, -0.0103, 0.0021000000000000003, -0.006200000000000001, -0.0041, 0.0267, 0.0205, 0.0472, 0.0267, 0.0575, 0.117, 0.1313, 0.11900000000000001, 0.1252, 0.1231, 0.0267, -0.0082, 0.0308, 0.0287, -0.0041, 0.0082, 0.018500000000000003, 0.014400000000000001, 0.0267, -0.006200000000000001, 0.0123, 0.0267, 0.0021000000000000003, 0.018500000000000003, 0.0205, 0.022600000000000002, 0.018500000000000003]","[0.1032, 0.075, -0.6096, -0.1688, -0.4033, -0.0563, -1.2568000000000001, -0.0844, -0.197, -0.2063, -0.1782, -0.1501, -1.7539, -0.32830000000000004, -0.0094, 0.046900000000000004, 0.0094, 0.0, 0.0375, 0.0281, 0.0094, 0.0188, 0.0281, -0.1501, -0.1126, -0.25320000000000004, -0.197, -0.32830000000000004, -0.6003000000000001, -0.6378, -0.45020000000000004, -0.4596, -0.4596, -0.1313, 0.0188, -0.1688, -0.1313, 0.0563, 0.0, -0.0281, -0.0094, -0.09380000000000001, 0.0563, -0.0375, -0.0844, 0.046900000000000004, -0.0375, -0.06570000000000001, -0.0563, -0.046900000000000004]",8.0036,-9.7192,-1.7156,9.3792,1.7862,20.3912,594.8513,-69.49,-6.35
Ibuprofen,,"[-0.1384, -0.047, -0.1023, -0.0055000000000000005, -0.044500000000000005, -0.0505, -0.011300000000000001, -0.0698, 0.0023, -0.012, -0.1451, -0.11800000000000001, -0.033800000000000004, -0.037, -0.1428, 0.047900000000000005, 0.0517, 0.0522, 0.0419, 0.0529, 0.049300000000000004, 0.0446, 0.045200000000000004, 0.052500000000000005, 0.09480000000000001, 0.057800000000000004, 0.056400000000000006, 0.058100000000000006, 0.050100000000000006, 0.046900000000000004, 0.0495, 0.053, 0.0507]","[13.7203, 0.07, 4.2701, 2.8001, 8.8402, 10.6202, 0.51, 0.19, 3.9501, 30.3388, 34.7587, 14.5103, 8.3002, 10.0602, 15.0904, 15.06, 18.94, 9.93, 11.62, 13.92, 11.22, 15.52, 17.41, 11.2, 22.1399, 20.59, 11.48, 18.69, 9.34, 15.65, 16.62, 18.85, 18.74]","[None, None, None, None, None, None, None, None, None, None, None, None, None, None, None, None, None, None, None, None, None, None, None, None, None, None, None, None, None, None, None, None, None]","[0.0, 0.0, 0.0, 0.0, 0.0, 0.0, 0.0, 0.0, 0.0, -0.23, -0.41000000000000003, 0.0, 0.0, 0.0, 0.0, -0.03, -0.03, -0.02, -0.01, -0.03, -0.03, -0.03, -0.03, -0.06, -4.67, -0.06, -0.04, -0.07, -0.01, -0.02, -0.03, -0.03, -0.03]","[-0.009000000000000001, 0.002, -0.014, 0.069, 0.022, 0.033, 0.05, -0.004, 0.064, 0.064, 0.131, -0.014, 0.016, 0.033, -0.011, 0.014, 0.023, -0.012, 0.006, 0.037, 0.033, 0.064, 0.061, 0.048, 0.044, 0.037, 0.021, 0.033, 0.045, 0.064, 0.015, 0.021, 0.014]","[-0.012, 0.013000000000000001, 0.001, 0.047, 0.023, 0.021, 0.047, 0.01, 0.012, 0.036000000000000004, 0.08700000000000001, -0.01, 0.02, 0.02, -0.017, 0.034, 0.047, 0.01, 0.034, 0.059000000000000004, 0.044, 0.05, 0.051000000000000004, 0.04, 0.031, 0.039, 0.021, 0.031, 0.045, 0.048, 0.033, 0.053, 0.032]","[-0.0036000000000000003, 0.0023, -0.0038, 0.024, 0.008400000000000001, 0.011300000000000001, 0.0188, 0.0001, 0.018600000000000002, 0.021400000000000002, 0.0454, -0.0049, 0.0067, 0.0114, -0.005, 0.0078000000000000005, 0.0117, -0.002, 0.0056, 0.016900000000000002, 0.0142, 0.023100000000000002, 0.0224, 0.0176, 0.015300000000000001, 0.0145, 0.0081, 0.0125, 0.017400000000000002, 0.0228, 0.0079, 0.0119, 0.007500000000000001]","[-0.0061, 0.0014, -0.0095, 0.046700000000000005, 0.0149, 0.0224, 0.0339, -0.0027, 0.0434, 0.0434, 0.0887, -0.0095, 0.0108, 0.0224, -0.007500000000000001, 0.0095, 0.015600000000000001, -0.0081, 0.0041, 0.0251, 0.0224, 0.0434, 0.0413, 0.0325, 0.0298, 0.0251, 0.0142, 0.0224, 0.030500000000000003, 0.0434, 0.0102, 0.0142, 0.0095]","[0.0966, -0.1047, -0.0081, -0.3784, -0.1852, -0.1691, -0.3784, -0.0805, -0.0966, -0.2899, -0.7005, 0.0805, -0.161, -0.161, 0.1369, -0.2737, -0.3784, -0.0805, -0.2737, -0.47500000000000003, -0.3543, -0.4026, -0.4106, -0.3221, -0.24960000000000002, -0.314, -0.1691, -0.24960000000000002, -0.3623, -0.3865, -0.2657, -0.4267, -0.2576]",10.9379,-9.6264,1.3115,8.0514,-1.0343,1.5826,434.949,-9.89,-5.85
Indomethacin+,,"[-0.1216, 0.017, 0.007, -0.0316, -0.0363, 0.1912, 0.0286, -0.0604, -0.0015, -0.019, -0.10490000000000001, 0.2162, -0.015, 0.024, -0.0516, -0.024200000000000003, -0.0181, 0.026000000000000002, -0.0071, -0.06960000000000001, -0.0076, -0.0718, 0.0172, 0.016900000000000002, -0.14830000000000002, 0.08460000000000001, 0.0845, 0.0724, 0.12040000000000001, 0.0489, 0.0597, 0.062400000000000004, 0.0645, 0.0641, 0.0572, 0.0733, 0.0589, 0.0599, 0.0645, 0.08080000000000001, 0.0775, 0.11080000000000001]","[12.2403, 0.0, 0.0, 1.72, 2.1801, 0.0, 0.12, 1.44, 4.2001, 14.7203, 5.5501000000000005, 69.5199, 14.8903, 13.1503, 33.1987, 10.3902, 11.4403, 6.3201, 17.4193, 19.0304, 11.6703, 4.7901, 6.1101, 33.1087, 29.6789, 13.67, 13.46, 10.37, 11.13, 1.15, 18.85, 19.14, 14.48, 15.61, 12.09, 22.6399, 17.66, 17.87, 12.53, 14.34, 9.61, 22.759900000000002]","[None, None, None, None, None, None, None, None, None, None, None, None, None, None, None, None, None, None, None, None, None, None, None, None, None, None, None, None, None, None, None, None, None, None, None, None, None, None, None, None, None, None]","[0.0, 0.0, 0.0, 0.0, 0.0, 0.0, 0.0, 0.0, 0.0, 0.0, 0.0, 0.0, 0.0, 0.0, -0.21, 0.0, 0.0, -0.02, -0.04, 0.0, 0.0, 0.0, -0.09, -0.21, -0.27, -0.18, -0.15, -0.1, -1.16, -0.04, -0.24, -0.2, -0.2, -0.12, -0.08, -0.18, -0.09, -0.08, -0.11, -0.26, -0.17, -4.89]","[-0.013000000000000001, 0.013000000000000001, 0.022, 0.012, -0.004, 0.004, 0.058, 0.022, 0.029, 0.013000000000000001, 0.04, 0.124, 0.016, 0.027, 0.129, 0.004, 0.016, 0.014, 0.027, -0.011, 0.014, -0.007, 0.002, 0.014, 0.007, 0.03, 0.024, 0.004, 0.026000000000000002, 0.038, 0.047, 0.05, 0.043000000000000003, 0.014, 0.031, 0.021, 0.01, 0.014, 0.03, 0.016, 0.016, 0.015]","[-0.011, 0.017, 0.007, 0.011, 0.027, 0.001, -0.001, 0.014, 0.002, 0.01, 0.006, 0.154, 0.015, 0.008, 0.042, 0.01, 0.023, 0.013000000000000001, 0.081, -0.021, 0.018000000000000002, 0.0, 0.006, 0.028, 0.049, 0.034, 0.023, 0.023, 0.022, 0.005, 0.022, 0.03, 0.026000000000000002, 0.033, 0.034, 0.039, 0.047, 0.05, 0.032, 0.027, 0.021, 0.021]","[-0.0164, 0.0155, 0.028900000000000002, 0.015700000000000002, -0.009000000000000001, 0.006, 0.0814, 0.0285, 0.0407, 0.0172, 0.054700000000000006, 0.1494, 0.0206, 0.037, 0.1738, 0.0041, 0.0194, 0.016900000000000002, 0.025400000000000002, -0.0122, 0.016800000000000002, -0.0091, 0.0019, 0.015300000000000001, 0.0024000000000000002, 0.0366, 0.029300000000000003, 0.0015, 0.0329, 0.052700000000000004, 0.0627, 0.0651, 0.0553, 0.0152, 0.0374, 0.0234, 0.007500000000000001, 0.012, 0.0369, 0.0176, 0.018500000000000003, 0.0177]","[-0.0632, 0.0632, 0.10690000000000001, 0.058300000000000005, -0.0194, 0.0194, 0.2818, 0.10690000000000001, 0.1409, 0.0632, 0.19440000000000002, 0.6026, 0.0777, 0.1312, 0.6268, 0.0194, 0.0777, 0.068, 0.1312, -0.053500000000000006, 0.068, -0.034, 0.0097, 0.068, 0.034, 0.1458, 0.11660000000000001, 0.0194, 0.1263, 0.1847, 0.22840000000000002, 0.243, 0.2089, 0.068, 0.1506, 0.10200000000000001, 0.048600000000000004, 0.068, 0.1458, 0.0777, 0.0777, 0.0729]","[0.1208, -0.1867, -0.07690000000000001, -0.1208, -0.29660000000000003, -0.011, 0.011, -0.15380000000000002, -0.022, -0.10980000000000001, -0.0659, -1.6916, -0.1648, -0.0879, -0.46130000000000004, -0.10980000000000001, -0.2526, -0.1428, -0.8897, 0.23070000000000002, -0.19770000000000001, 0.0, -0.0659, -0.30760000000000004, -0.5382, -0.3735, -0.2526, -0.2526, -0.2417, -0.054900000000000004, -0.2417, -0.3295, -0.2856, -0.36250000000000004, -0.3735, -0.4284, -0.5163, -0.5492, -0.35150000000000003, -0.29660000000000003, -0.23070000000000002, -0.23070000000000002]",7.8934,-11.9633,-4.0698,10.9843,4.6758,0.8667,570.2483,-54.39,-9.06
Ketanserin+,,"[-0.0829, 0.08320000000000001, -0.0188, 0.0146, -0.0431, -0.022, -0.028, 0.018600000000000002, -0.056, -0.060200000000000004, -0.0234, 0.2232, -0.026000000000000002, -0.0625, -0.020200000000000003, -0.050800000000000005, 0.1135, -0.07350000000000001, 0.08710000000000001, -0.0091, -0.0412, 0.0079, -0.0179, 0.014100000000000001, -0.032, -0.0397, -0.16820000000000002, -0.1762, -0.12380000000000001, 0.0659, 0.0629, 0.045, 0.06280000000000001, 0.0488, 0.08220000000000001, 0.0636, 0.0752, 0.0746, 0.1107, 0.07880000000000001, 0.0742, 0.0761, 0.0678, 0.0771, 0.0784, 0.0661, 0.0697, 0.0965, 0.055, 0.0603, 0.0577, 0.06380000000000001]","[46.2891, 7.9102, 15.9504, 13.9803, 5.0501, 10.1802, 15.8504, 2.13, 0.12, 3.1401, 3.1801, 0.0, 4.1001, 3.5501, 2.1901, 5.0301, 1.08, 8.520199999999999, 6.8099, 6.7902000000000005, 15.5104, 16.3304, 16.5504, 14.5803, 5.3501, 6.5802, 28.5789, 33.5687, 28.9289, 20.76, 14.5, 9.53, 20.63, 6.99, 19.1, 9.94, 12.4, 10.34, 7.26, 16.44, 13.31, 12.85, 11.83, 7.78, 6.38, 6.7, 10.37, 16.85, 18.43, 22.4099, 22.4599, 15.3]","[None, None, None, None, None, None, None, None, None, None, None, None, None, None, None, None, None, None, None, None, None, None, None, None, None, None, None, None, None, None, None, None, None, None, None, None, None, None, None, None, None, None, None, None, None, None, None, None, None, None, None, None]","[-0.35000000000000003, -0.02, 0.0, 0.0, 0.0, 0.0, 0.0, 0.0, 0.0, 0.0, 0.0, 0.0, 0.0, 0.0, 0.0, 0.0, 0.0, -0.07, 0.0, 0.0, 0.0, 0.0, 0.0, 0.0, 0.0, -0.05, -0.27, -0.45, -0.21, -0.13, -0.12, -0.1, -0.17, -0.05, -0.12, -0.08, -0.18, -0.14, -0.56, -0.21, -0.2, -0.1, -0.07, -0.14, -0.12, -0.1, -0.14, -1.28, -0.11, -0.11, -0.09, -0.1]","[0.044, 0.034, 0.014, 0.018000000000000002, 0.019, 0.021, 0.013000000000000001, 0.045, -0.002, -0.004, -0.004, 0.001, -0.004, -0.002, -0.004, -0.009000000000000001, 0.02, 0.003, 0.016, 0.017, 0.015, 0.03, 0.011, 0.022, 0.017, 0.03, 0.066, 0.035, 0.096, 0.038, 0.03, 0.032, 0.037, 0.02, 0.012, 0.007, 0.01, 0.011, 0.004, 0.013000000000000001, 0.01, 0.01, 0.008, 0.009000000000000001, 0.004, 0.015, 0.009000000000000001, 0.022, 0.035, 0.041, 0.036000000000000004, 0.03]","[0.062, 0.023, 0.017, 0.011, 0.029, 0.009000000000000001, 0.018000000000000002, 0.012, 0.009000000000000001, -0.003, -0.004, 0.001, -0.003, -0.003, -0.004, -0.009000000000000001, 0.016, 0.004, 0.042, 0.025, 0.023, 0.014, 0.038, 0.018000000000000002, 0.02, 0.003, 0.045, 0.058, 0.08, 0.039, 0.026000000000000002, 0.029, 0.033, 0.017, 0.013000000000000001, 0.007, 0.008, 0.01, 0.005, 0.012, 0.009000000000000001, 0.01, 0.009000000000000001, 0.006, 0.006, 0.012, 0.013000000000000001, 0.03, 0.038, 0.04, 0.045, 0.035]","[0.0468, 0.0379, 0.015600000000000001, 0.0204, 0.0201, 0.0233, 0.013300000000000001, 0.0497, -0.0021000000000000003, -0.0038, -0.0043, 0.0011, -0.0049, -0.0016, -0.0043, -0.0097, 0.0218, 0.0027, 0.0162, 0.0181, 0.0159, 0.0332, 0.0112, 0.024, 0.0177, 0.0342, 0.0719, 0.0363, 0.1047, 0.0417, 0.0327, 0.034300000000000004, 0.0403, 0.0213, 0.012400000000000001, 0.0076, 0.0109, 0.0125, 0.0048000000000000004, 0.013600000000000001, 0.0103, 0.0108, 0.0092, 0.009300000000000001, 0.004200000000000001, 0.016900000000000002, 0.009600000000000001, 0.0235, 0.037200000000000004, 0.0439, 0.038, 0.0328]","[0.16970000000000002, 0.1311, 0.054, 0.0694, 0.0733, 0.081, 0.050100000000000006, 0.17350000000000002, -0.0077, -0.0154, -0.0154, 0.0039000000000000003, -0.0154, -0.0077, -0.0154, -0.0347, 0.0771, 0.011600000000000001, 0.061700000000000005, 0.0655, 0.057800000000000004, 0.11570000000000001, 0.0424, 0.0848, 0.0655, 0.11570000000000001, 0.2545, 0.135, 0.37020000000000003, 0.14650000000000002, 0.11570000000000001, 0.12340000000000001, 0.1427, 0.0771, 0.0463, 0.027, 0.0386, 0.0424, 0.0154, 0.050100000000000006, 0.0386, 0.0386, 0.0308, 0.0347, 0.0154, 0.057800000000000004, 0.0347, 0.0848, 0.135, 0.15810000000000002, 0.1388, 0.11570000000000001]","[-0.6453, -0.2394, -0.1769, -0.1145, -0.3018, -0.0937, -0.18730000000000002, -0.12490000000000001, -0.0937, 0.031200000000000002, 0.041600000000000005, -0.010400000000000001, 0.031200000000000002, 0.031200000000000002, 0.041600000000000005, 0.0937, -0.1665, -0.041600000000000005, -0.43710000000000004, -0.2602, -0.2394, -0.1457, -0.3955, -0.18730000000000002, -0.2082, -0.031200000000000002, -0.46840000000000004, -0.6037, -0.8326, -0.40590000000000004, -0.2706, -0.3018, -0.3435, -0.1769, -0.1353, -0.0729, -0.0833, -0.1041, -0.052000000000000005, -0.12490000000000001, -0.0937, -0.1041, -0.0937, -0.062400000000000004, -0.062400000000000004, -0.12490000000000001, -0.1353, -0.31220000000000003, -0.3955, -0.4163, -0.46840000000000004, -0.3643]",9.1492,-11.3242,-2.175,10.4079,3.8332,4.9042,640.389,-66.11,-5.76
Lamivudine+,,"[0.2233, 0.0047, -0.0175, -0.0562, 0.1748, -0.033600000000000005, -0.19920000000000002, 0.3362, -0.14, -0.061500000000000006, -0.07050000000000001, -0.0614, 0.0767, -0.0745, -0.109, 0.164, 0.164, 0.1688, 0.0694, 0.0521, 0.0388, 0.030600000000000002, 0.053500000000000006, 0.0551, 0.061900000000000004, 0.0848, 0.0645]","[5.9099, 6.9802, 15.7698, 8.770199999999999, 0.87, 1.06, 5.2101, 41.6799, 0.68, 7.2697, 5.6201, 31.2588, 11.1703, 14.9503, 36.1686, 24.0099, 24.0199, 20.11, 10.65, 14.03, 15.32, 15.79, 16.23, 20.49, 21.12, 11.5, 20.5]","[None, None, None, None, None, None, None, None, None, None, None, None, None, None, None, None, None, None, None, None, None, None, None, None, None, None, None]","[0.0, 0.0, -0.04, -0.07, 0.0, 0.0, 0.0, 0.0, 0.0, -0.06, 0.0, -0.31, 0.0, 0.0, -0.41000000000000003, -2.92, -2.93, -2.55, -0.06, -0.13, -0.13, -0.03, -0.12, -0.07, -3.25, -0.25, -0.49]","[-0.004, 0.088, 0.12, 0.009000000000000001, 0.09, -0.02, -0.018000000000000002, 0.108, -0.013000000000000001, 0.01, -0.006, 0.009000000000000001, 0.066, 0.022, 0.112, 0.045, 0.045, 0.034, 0.04, 0.022, 0.017, 0.023, 0.008, 0.015, 0.011, 0.088, 0.079]","[0.0, 0.014, 0.042, -0.002, 0.006, -0.015, -0.057, 0.466, -0.041, 0.041, -0.016, 0.07200000000000001, -0.001, 0.011, 0.024, 0.016, 0.015, 0.012, 0.025, 0.059000000000000004, 0.063, 0.07, 0.04, 0.081, 0.039, 0.007, 0.028]","[-0.0055000000000000005, 0.11800000000000001, 0.1578, 0.0132, 0.12190000000000001, -0.0258, -0.0173, 0.0829, -0.012100000000000001, 0.0074, -0.006, 0.0029000000000000002, 0.08950000000000001, 0.0291, 0.1494, 0.0597, 0.059300000000000005, 0.044700000000000004, 0.0517, 0.022500000000000003, 0.0145, 0.0211, 0.0054, 0.009300000000000001, 0.009600000000000001, 0.11960000000000001, 0.1044]","[-0.0188, 0.4138, 0.5643, 0.042300000000000004, 0.4232, -0.0941, -0.08460000000000001, 0.5079, -0.0611, 0.047, -0.028200000000000003, 0.042300000000000004, 0.3104, 0.10350000000000001, 0.5267000000000001, 0.2116, 0.2116, 0.15990000000000001, 0.18810000000000002, 0.10350000000000001, 0.0799, 0.1082, 0.0376, 0.07050000000000001, 0.0517, 0.4138, 0.3715]","[0.0, -0.15130000000000002, -0.454, 0.0216, -0.0649, 0.1621, 0.6161, -5.037, 0.44320000000000004, -0.44320000000000004, 0.1729, -0.7782, 0.0108, -0.1189, -0.2594, -0.1729, -0.1621, -0.1297, -0.2702, -0.6377, -0.681, -0.7566, -0.4324, -0.8755000000000001, -0.42160000000000003, -0.0757, -0.3027]",7.0781,-11.279,-4.201,10.809,4.5437,18.5998,407.1376,-90.81,-13.75
Lidocaine+,,"[-0.146, -0.0079, -0.032, -0.0161, -0.028900000000000002, 0.004200000000000001, -0.1395, -0.032100000000000004, 0.0669, -0.050100000000000006, -0.0385, 0.22460000000000002, -0.018000000000000002, -0.1043, -0.0123, -0.10650000000000001, -0.1189, 0.057600000000000005, 0.06860000000000001, 0.058800000000000005, 0.0539, 0.056, 0.0539, 0.0621, 0.06520000000000001, 0.053, 0.069, 0.0738, 0.0775, 0.10110000000000001, 0.07060000000000001, 0.075, 0.0855, 0.06420000000000001, 0.062400000000000004, 0.0692, 0.069, 0.0613, 0.062, 0.0858]","[15.8404, 4.8901, 14.8403, 16.4704, 14.5503, 3.7001, 14.0303, 3.3601, 1.06, 0.22, 3.3901, 0.0, 3.2701000000000002, 16.1804, 3.8601, 14.8703, 14.4494, 13.56, 17.0, 17.35, 17.62, 22.4399, 17.65, 9.5, 17.22, 9.93, 9.12, 9.44, 12.89, 8.16, 13.84, 8.77, 21.9899, 14.63, 18.79, 9.69, 5.22, 10.14, 18.62, 21.9099]","[None, None, None, None, None, None, None, None, None, None, None, None, None, None, None, None, None, None, None, None, None, None, None, None, None, None, None, None, None, None, None, None, None, None, None, None, None, None, None, None]","[0.0, 0.0, 0.0, 0.0, 0.0, 0.0, 0.0, 0.0, 0.0, 0.0, 0.0, 0.0, 0.0, 0.0, 0.0, 0.0, -0.14, -0.07, -0.05, -0.08, -0.03, -0.02, -0.03, -0.07, -0.04, -0.05, -0.55, -0.18, -0.21, -0.6000000000000001, -0.15, -0.15, -0.13, -0.08, -0.1, -0.12, -0.09, -0.05, -0.1, -0.13]","[-0.022, 0.039, 0.017, 0.051000000000000004, 0.024, 0.025, -0.019, 0.029, 0.045, 0.09, -0.012, -0.005, -0.005, -0.008, -0.007, -0.01, 0.147, 0.023, 0.039, 0.034, 0.057, 0.066, 0.058, 0.019, 0.04, 0.021, 0.06, 0.048, 0.048, 0.026000000000000002, 0.002, -0.008, 0.017, 0.013000000000000001, 0.014, 0.025, -0.013000000000000001, -0.004, 0.017, 0.019]","[-0.023, 0.047, 0.047, 0.034, 0.044, 0.046, -0.02, 0.034, 0.014, 0.008, -0.003, -0.003, -0.003, -0.006, -0.004, -0.007, 0.058, 0.058, 0.046, 0.068, 0.068, 0.067, 0.067, 0.079, 0.055, 0.059000000000000004, 0.035, 0.023, 0.023, 0.019, 0.002, -0.003, 0.013000000000000001, 0.01, 0.012, 0.019, -0.008, -0.003, 0.016, 0.014]","[-0.0154, 0.0286, 0.0152, 0.0342, 0.019100000000000002, 0.020300000000000002, -0.013300000000000001, 0.020800000000000003, 0.0292, 0.055600000000000004, -0.008, -0.0034000000000000002, -0.0034000000000000002, -0.0055000000000000005, -0.005, -0.007200000000000001, 0.0951, 0.0196, 0.0281, 0.027700000000000002, 0.042, 0.047400000000000005, 0.041800000000000004, 0.019700000000000002, 0.0296, 0.0188, 0.0398, 0.031900000000000005, 0.031200000000000002, 0.0181, 0.0014, -0.0048000000000000004, 0.0117, 0.0086, 0.0098, 0.0172, -0.0091, -0.0031000000000000003, 0.0123, 0.0134]","[-0.050300000000000004, 0.0892, 0.038900000000000004, 0.11660000000000001, 0.054900000000000004, 0.0572, -0.0434, 0.0663, 0.1029, 0.2058, -0.0274, -0.0114, -0.0114, -0.0183, -0.016, -0.0229, 0.3361, 0.0526, 0.0892, 0.0777, 0.1303, 0.1509, 0.1326, 0.0434, 0.0915, 0.048, 0.13720000000000002, 0.10980000000000001, 0.10980000000000001, 0.059500000000000004, 0.0046, -0.0183, 0.038900000000000004, 0.0297, 0.032, 0.0572, -0.0297, -0.0091, 0.038900000000000004, 0.0434]","[0.2518, -0.5144000000000001, -0.5144000000000001, -0.37220000000000003, -0.48160000000000003, -0.5035000000000001, 0.2189, -0.37220000000000003, -0.1532, -0.0876, 0.0328, 0.0328, 0.0328, 0.06570000000000001, 0.0438, 0.0766, -0.6349, -0.6349, -0.5035000000000001, -0.7443000000000001, -0.7443000000000001, -0.7334, -0.7334, -0.8647, -0.602, -0.6458, -0.3831, -0.2518, -0.2518, -0.20800000000000002, -0.0219, 0.0328, -0.1423, -0.1095, -0.1313, -0.20800000000000002, 0.0876, 0.0328, -0.1751, -0.1532]",9.5796,-11.3933,-1.8137,10.9457,1.9106,10.6489,470.4617,-57.92,-3.2800000000000002
Mizolastine+,,"[-0.1192, 0.08700000000000001, -0.0521, -0.0539, -0.021400000000000002, -0.0507, -0.0417, 0.08320000000000001, -0.2005, -0.06470000000000001, -0.0621, -0.0722, -0.06, -0.0567, 0.1119, -0.0017000000000000001, 0.1066, -0.0287, -0.040100000000000004, 0.1385, -0.0723, -0.036000000000000004, -0.0327, -0.0154, 0.07490000000000001, -0.0833, -0.0181, -0.040400000000000005, -0.0184, 0.008700000000000001, 0.0095, -0.0217, 0.0719, 0.051500000000000004, 0.0606, 0.0543, 0.060200000000000004, 0.0668, 0.0502, 0.06570000000000001, 0.0738, 0.065, 0.054700000000000006, 0.0585, 0.07680000000000001, 0.0636, 0.0587, 0.09050000000000001, 0.08120000000000001, 0.0673, 0.0517, 0.0658, 0.0639, 0.046200000000000005, 0.058600000000000006, 0.0629, 0.06280000000000001, 0.0603]","[12.9103, 0.27, 6.0601, 9.9799, 18.4104, 16.3604, 9.5502, 5.2299, 48.9281, 0.0, 4.5100999999999996, 2.6401, 3.1701, 0.31, 0.8, 5.2600999999999996, 6.0999, 6.5402000000000005, 3.1101, 0.42, 4.7001, 1.49, 8.7302, 14.4003, 7.6002, 46.4591, 15.4204, 6.2001, 9.0502, 16.2104, 16.2504, 16.4704, 14.63, 7.55, 15.0, 22.8599, 21.4399, 9.44, 4.4, 16.7, 14.64, 13.82, 6.9, 8.21, 16.43, 8.9, 0.0, 12.1, 11.61, 8.54, 16.79, 20.71, 20.64, 7.23, 12.64, 22.2399, 22.2699, 20.73]","[None, None, None, None, None, None, None, None, None, None, None, None, None, None, None, None, None, None, None, None, None, None, None, None, None, None, None, None, None, None, None, None, None, None, None, None, None, None, None, None, None, None, None, None, None, None, None, None, None, None, None, None, None, None, None, None, None, None]","[0.0, 0.0, -0.03, -0.06, 0.0, -0.01, -0.05, 0.0, -0.72, 0.0, 0.0, 0.0, 0.0, 0.0, 0.0, 0.0, 0.0, 0.0, 0.0, 0.0, 0.0, 0.0, 0.0, 0.0, -0.02, -0.41000000000000003, 0.0, 0.0, 0.0, 0.0, 0.0, 0.0, -0.13, -0.09, -0.09, -0.07, -0.04, -0.7000000000000001, -0.02, -0.1, -0.12, -0.12, -0.06, -0.07, -0.07, -0.07, -0.02, -0.91, -0.18, -0.12, -0.11, -0.1, -0.11, -0.06, -0.07, -0.07, -0.07, -0.12]","[-0.007, 0.006, 0.005, 0.015, 0.013000000000000001, 0.014, 0.006, 0.01, 0.03, -0.003, -0.005, -0.011, -0.004, -0.008, 0.044, 0.054, 0.028, 0.011, 0.009000000000000001, 0.033, -0.011, 0.002, 0.013000000000000001, 0.016, 0.015, 0.028, 0.015, 0.007, 0.037, 0.022, 0.023, 0.039, 0.012, 0.0, 0.006, 0.024, 0.024, 0.007, 0.009000000000000001, 0.011, 0.02, 0.014, 0.021, 0.008, 0.017, 0.022, 0.006, 0.034, 0.02, 0.021, 0.024, 0.031, 0.026000000000000002, 0.004, 0.044, 0.049, 0.05, 0.049]","[-0.021, 0.067, 0.007, 0.085, 0.016, 0.056, 0.01, 0.022, 0.107, -0.007, -0.003, -0.007, -0.001, -0.004, 0.008, -0.002, 0.008, 0.006, 0.004, 0.008, -0.006, 0.014, 0.004, 0.009000000000000001, 0.014, 0.039, 0.009000000000000001, 0.004, 0.003, 0.01, 0.012, 0.005, 0.022, 0.034, 0.037, 0.058, 0.059000000000000004, 0.031, 0.011, 0.018000000000000002, 0.009000000000000001, 0.019, 0.009000000000000001, 0.011, 0.008, 0.012, 0.011, 0.008, 0.018000000000000002, 0.01, 0.016, 0.019, 0.02, 0.014, 0.011, 0.019, 0.02, 0.015]","[-0.007, 0.005, 0.005200000000000001, 0.0137, 0.0131, 0.0135, 0.006200000000000001, 0.0102, 0.029900000000000003, -0.0031000000000000003, -0.0054, -0.0118, -0.0049, -0.0086, 0.0476, 0.058800000000000005, 0.0302, 0.0123, 0.0102, 0.0362, -0.0123, 0.0017000000000000001, 0.0135, 0.0166, 0.0164, 0.0298, 0.0161, 0.008, 0.0402, 0.0236, 0.0252, 0.042300000000000004, 0.012400000000000001, -0.001, 0.0059, 0.024300000000000002, 0.024800000000000003, 0.0067, 0.0095, 0.0109, 0.022, 0.014100000000000001, 0.022600000000000002, 0.0089, 0.0188, 0.0236, 0.0067, 0.0368, 0.0212, 0.023100000000000002, 0.0256, 0.0332, 0.027700000000000002, 0.0039000000000000003, 0.047, 0.0528, 0.0538, 0.0529]","[-0.024800000000000003, 0.0212, 0.0177, 0.0531, 0.046, 0.0495, 0.0212, 0.0354, 0.1061, -0.0106, -0.0177, -0.038900000000000004, -0.014100000000000001, -0.028300000000000002, 0.15560000000000002, 0.191, 0.099, 0.038900000000000004, 0.0318, 0.11670000000000001, -0.038900000000000004, 0.0071, 0.046, 0.056600000000000004, 0.0531, 0.099, 0.0531, 0.024800000000000003, 0.13090000000000002, 0.07780000000000001, 0.0814, 0.138, 0.0424, 0.0, 0.0212, 0.0849, 0.0849, 0.024800000000000003, 0.0318, 0.038900000000000004, 0.0707, 0.0495, 0.0743, 0.028300000000000002, 0.0601, 0.07780000000000001, 0.0212, 0.1203, 0.0707, 0.0743, 0.0849, 0.1097, 0.092, 0.014100000000000001, 0.15560000000000002, 0.1733, 0.1769, 0.1733]","[0.2068, -0.6599, -0.0689, -0.8371000000000001, -0.15760000000000002, -0.5515, -0.0985, -0.2167, -1.0538, 0.0689, 0.029500000000000002, 0.0689, 0.0098, 0.039400000000000004, -0.07880000000000001, 0.019700000000000002, -0.07880000000000001, -0.0591, -0.039400000000000004, -0.07880000000000001, 0.0591, -0.1379, -0.039400000000000004, -0.0886, -0.1379, -0.3841, -0.0886, -0.039400000000000004, -0.029500000000000002, -0.0985, -0.1182, -0.0492, -0.2167, -0.33490000000000003, -0.3644, -0.5712, -0.5811000000000001, -0.3053, -0.10830000000000001, -0.1773, -0.0886, -0.18710000000000002, -0.0886, -0.10830000000000001, -0.07880000000000001, -0.1182, -0.10830000000000001, -0.07880000000000001, -0.1773, -0.0985, -0.15760000000000002, -0.18710000000000002, -0.197, -0.1379, -0.10830000000000001, -0.18710000000000002, -0.197, -0.1477]",6.7044,-9.8878,-3.1834,9.8488,3.5267,14.4772,679.9609,-72.7,-4.87
Nevirapine+,,"[-0.12050000000000001, 0.0392, -0.055, 0.055600000000000004, -0.0455, -0.0298, -0.0375, 0.2023, -0.0492, 0.0128, 0.010400000000000001, -0.0005, -0.0182, -0.0342, -0.0357, 0.0135, 0.021400000000000002, 0.014, 0.0517, -0.1018, 0.07490000000000001, 0.07540000000000001, 0.0767, 0.0922, 0.11220000000000001, 0.06770000000000001, 0.0702, 0.0626, 0.0721, 0.0577, 0.0719, 0.0565, 0.0679, 0.0719, 0.0771]","[16.0304, 4.9901, 4.1501, 3.8, 4.1901, 3.3701, 1.56, 0.0, 1.53, 7.2899, 18.9004, 14.9503, 0.15, 13.0703, 13.1203, 7.0799, 18.9804, 16.8104, 14.0903, 41.9384, 18.01, 16.7, 17.27, 8.91, 4.12, 22.9599, 18.03, 11.15, 22.2099, 17.45, 22.2099, 17.35, 22.9499, 22.759900000000002, 16.01]","[None, None, None, None, None, None, None, None, None, None, None, None, None, None, None, None, None, None, None, None, None, None, None, None, None, None, None, None, None, None, None, None, None, None, None]","[0.0, 0.0, 0.0, 0.0, 0.0, 0.0, 0.0, 0.0, 0.0, 0.0, 0.0, 0.0, 0.0, 0.0, 0.0, 0.0, 0.0, 0.0, 0.0, -0.39, -0.16, -0.13, -0.12, -0.71, -0.41000000000000003, -0.22, -0.16, -0.22, -0.18, -0.09, -0.18, -0.1, -0.27, -0.22, -0.15]","[-0.02, 0.044, 0.013000000000000001, 0.024, 0.031, 0.04, 0.024, 0.004, 0.008, 0.063, 0.027, 0.017, -0.012, -0.001, 0.0, 0.056, 0.039, 0.026000000000000002, 0.024, 0.10200000000000001, 0.036000000000000004, 0.027, 0.034, 0.035, 0.019, 0.053, 0.049, 0.006, 0.02, 0.008, 0.021, 0.01, 0.064, 0.059000000000000004, 0.049]","[-0.013000000000000001, 0.023, 0.013000000000000001, 0.036000000000000004, 0.009000000000000001, 0.018000000000000002, 0.003, 0.005, 0.005, 0.099, 0.011, 0.02, -0.007, 0.001, 0.002, 0.1, 0.008, 0.024, 0.012, 0.10300000000000001, 0.045, 0.03, 0.035, 0.032, 0.022, 0.059000000000000004, 0.053, 0.006, 0.026000000000000002, 0.016, 0.025, 0.017, 0.063, 0.052000000000000005, 0.049]","[-0.021, 0.048100000000000004, 0.013800000000000002, 0.0251, 0.033800000000000004, 0.0434, 0.0268, 0.0037, 0.0092, 0.0658, 0.029300000000000003, 0.0175, -0.0135, -0.0011, -0.0001, 0.058100000000000006, 0.042100000000000005, 0.027800000000000002, 0.026000000000000002, 0.1081, 0.0386, 0.0281, 0.0356, 0.0379, 0.0207, 0.0562, 0.052000000000000005, 0.0064, 0.0211, 0.0082, 0.0222, 0.0099, 0.06770000000000001, 0.0625, 0.0522]","[-0.0852, 0.1875, 0.055400000000000005, 0.1023, 0.1321, 0.1705, 0.1023, 0.017, 0.0341, 0.2685, 0.11510000000000001, 0.0724, -0.0511, -0.0043, 0.0, 0.2386, 0.16620000000000001, 0.11080000000000001, 0.1023, 0.43460000000000004, 0.1534, 0.11510000000000001, 0.1449, 0.1491, 0.081, 0.2258, 0.2088, 0.0256, 0.0852, 0.0341, 0.08950000000000001, 0.0426, 0.2727, 0.2514, 0.2088]","[0.1529, -0.2705, -0.1529, -0.4233, -0.1058, -0.2117, -0.035300000000000005, -0.058800000000000005, -0.058800000000000005, -1.1642000000000001, -0.12940000000000002, -0.23520000000000002, 0.0823, -0.0118, -0.0235, -1.176, -0.0941, -0.2822, -0.1411, -1.2112, -0.5292, -0.3528, -0.4116, -0.3763, -0.2587, -0.6938000000000001, -0.6233000000000001, -0.07060000000000001, -0.3057, -0.1882, -0.294, -0.19990000000000002, -0.7409, -0.6115, -0.5762]",9.3815,-12.7039,-3.3224,11.7596,4.2454,0.8681000000000001,464.091,-49.95,-3.81
Omeprazole+,,"[-0.1131, 0.0097, 0.0468, 0.0245, -0.045700000000000005, 0.0073, -0.10980000000000001, 0.035, 0.14350000000000002, 0.0022, -0.15910000000000002, 0.8017000000000001, -0.1902, -0.0482, -0.0463, -0.021, -0.0742, 0.0105, -0.0334, -0.022600000000000002, -0.0264, -0.08610000000000001, 0.0809, -0.5085000000000001, 0.07100000000000001, 0.0737, 0.0711, 0.06380000000000001, 0.0813, 0.06620000000000001, 0.076, 0.0723, 0.07390000000000001, 0.0858, 0.044700000000000004, 0.0721, 0.0599, 0.0441, 0.0541, 0.054, 0.0553, 0.0687, 0.055600000000000004, 0.0789]","[14.8903, 5.0101, 6.5802, 6.7797, 18.1804, 4.9701, 15.3104, 16.3204, 4.46, 4.0001, 1.33, 25.7499, 4.6301, 12.7699, 6.8902, 7.0702, 11.8303, 6.5702, 15.2004, 16.3904, 17.4593, 19.0204, 7.5699000000000005, 27.6089, 16.12, 15.08, 12.78, 12.87, 22.3299, 15.04, 16.9, 11.96, 17.47, 16.83, 3.03, 13.37, 4.64, 10.97, 19.52, 21.5899, 17.62, 22.6699, 17.7, 17.03]","[None, None, None, None, None, None, None, None, None, None, None, None, None, None, None, None, None, None, None, None, None, None, None, None, None, None, None, None, None, None, None, None, None, None, None, None, None, None, None, None, None, None, None, None]","[0.0, 0.0, -0.02, 0.0, 0.0, 0.0, 0.0, 0.0, 0.0, 0.0, 0.0, 0.0, 0.0, -0.06, 0.0, 0.0, -0.01, -0.01, 0.0, 0.0, -0.05, 0.0, 0.0, -0.42, -0.1, -0.12, -0.11, -0.11, -0.22, -0.11, -0.16, -0.13, -0.18, -0.25, -0.58, -0.28, -0.15, -0.04, -0.08, -0.12, -0.06, -0.16, -0.06, -1.03]","[-0.02, 0.03, 0.059000000000000004, 0.062, -0.022, 0.02, -0.018000000000000002, 0.022, 0.063, 0.043000000000000003, -0.025, 0.122, -0.009000000000000001, 0.023, 0.003, 0.006, 0.008, 0.016, 0.012, 0.012, 0.023, -0.009000000000000001, 0.013000000000000001, 0.004, 0.03, 0.034, 0.034, 0.028, 0.035, 0.028, 0.032, 0.027, 0.032, 0.055, 0.039, 0.038, 0.035, 0.021, 0.026000000000000002, 0.02, 0.008, 0.017, 0.009000000000000001, 0.014]","[-0.008, 0.012, 0.005, 0.029, -0.009000000000000001, 0.01, -0.007, 0.003, 0.005, -0.003, -0.006, 0.097, 0.016, 0.047, 0.04, 0.024, 0.031, 0.03, 0.024, 0.02, 0.111, -0.029, 0.021, 0.019, 0.014, 0.019, 0.018000000000000002, 0.019, 0.017, 0.019, 0.01, 0.013000000000000001, 0.011, 0.015, 0.0, 0.007, 0.013000000000000001, 0.047, 0.049, 0.05, 0.055, 0.048, 0.056, 0.034]","[-0.0241, 0.0361, 0.0726, 0.0737, -0.025900000000000003, 0.0239, -0.0211, 0.027600000000000003, 0.0776, 0.053500000000000006, -0.031, 0.1421, -0.012, 0.0244, 0.0008, 0.0053, 0.0078000000000000005, 0.0172, 0.0128, 0.0131, 0.0188, -0.0086, 0.0143, 0.0039000000000000003, 0.0359, 0.039900000000000005, 0.0405, 0.033600000000000005, 0.0419, 0.033600000000000005, 0.0388, 0.0323, 0.0381, 0.0668, 0.0489, 0.047, 0.0422, 0.0219, 0.0274, 0.0204, 0.0057, 0.016300000000000002, 0.0068000000000000005, 0.014400000000000001]","[-0.0799, 0.1198, 0.2356, 0.24760000000000001, -0.0879, 0.0799, -0.0719, 0.0879, 0.2516, 0.17170000000000002, -0.0998, 0.4872, -0.0359, 0.09190000000000001, 0.012, 0.024, 0.031900000000000005, 0.0639, 0.047900000000000005, 0.047900000000000005, 0.09190000000000001, -0.0359, 0.0519, 0.016, 0.1198, 0.1358, 0.1358, 0.11180000000000001, 0.1398, 0.11180000000000001, 0.1278, 0.1078, 0.1278, 0.21960000000000002, 0.1557, 0.15180000000000002, 0.1398, 0.0839, 0.1038, 0.0799, 0.031900000000000005, 0.0679, 0.0359, 0.055900000000000005]","[0.0796, -0.1194, -0.049800000000000004, -0.2886, 0.0896, -0.0995, 0.0697, -0.029900000000000003, -0.049800000000000004, 0.029900000000000003, 0.0597, -0.9652000000000001, -0.1592, -0.4677, -0.398, -0.2388, -0.3085, -0.2985, -0.2388, -0.199, -1.1045, 0.2886, -0.209, -0.18910000000000002, -0.1393, -0.18910000000000002, -0.1791, -0.18910000000000002, -0.16920000000000002, -0.18910000000000002, -0.0995, -0.12940000000000002, -0.1095, -0.14930000000000002, 0.0, -0.0697, -0.12940000000000002, -0.4677, -0.48760000000000003, -0.4975, -0.5473, -0.4776, -0.5572, -0.3383]",6.219,-10.1316,-3.9125,9.9506,3.9246,12.5864,582.111,-50.76,-4.65
Palbociclib+,,"[-0.13090000000000002, 0.0366, -0.0274, 0.027, -0.12760000000000002, -0.057, -0.006200000000000001, -0.0279, -0.0446, 0.0724, -0.0257, -0.0128, -0.0776, -0.057100000000000005, -0.0181, -0.0253, 0.0616, -0.0821, 0.0014, 0.2225, 0.0017000000000000001, -0.0811, -0.0323, -0.0183, 0.1245, -0.041, -0.0711, -0.0748, -0.0741, -0.069, -0.048, -0.1458, -0.13670000000000002, 0.073, 0.0671, 0.06430000000000001, 0.0664, 0.06770000000000001, 0.0692, 0.0548, 0.0835, 0.0405, 0.054, 0.0383, 0.0825, 0.0645, 0.0743, 0.0794, 0.1308, 0.13820000000000002, 0.08070000000000001, 0.0787, 0.064, 0.0765, 0.0317, 0.053500000000000006, 0.046, 0.0417, 0.049, 0.049300000000000004, 0.042, 0.055600000000000004, 0.047400000000000005]","[17.8304, 1.5, 2.4101, 4.5501000000000005, 12.9703, 5.2600999999999996, 14.1803, 7.1199, 9.5702, 6.3399, 8.2802, 18.5898, 10.3502, 2.6601, 11.6103, 13.6303, 3.5300000000000002, 6.6202000000000005, 5.6201, 1.16, 6.3301, 5.6401, 5.8199000000000005, 6.1801, 0.14, 0.0, 5.3401, 7.5202, 7.5001999999999995, 5.2901, 4.4901, 12.7795, 37.8586, 9.89, 18.96, 20.1, 17.28, 8.54, 17.05, 12.62, 14.1, 9.89, 14.73, 8.02, 13.39, 16.0, 9.51, 21.4999, 16.01, 21.9199, 13.35, 21.4699, 16.15, 10.37, 3.64, 8.15, 19.33, 19.09, 20.31, 20.32, 19.15, 8.31, 19.23]","[None, None, None, None, None, None, None, None, None, None, None, None, None, None, None, None, None, None, None, None, None, None, None, None, None, None, None, None, None, None, None, None, None, None, None, None, None, None, None, None, None, None, None, None, None, None, None, None, None, None, None, None, None, None, None, None, None, None, None, None, None, None, None]","[0.0, 0.0, 0.0, 0.0, 0.0, 0.0, 0.0, 0.0, -0.04, 0.0, -0.01, -0.05, 0.0, 0.0, 0.0, 0.0, 0.0, 0.0, 0.0, 0.0, 0.0, 0.0, 0.0, -0.02, 0.0, 0.0, 0.0, 0.0, 0.0, 0.0, 0.0, -0.15, -0.34, -0.18, -0.17, -0.14, -0.14, -0.05, -0.13, -0.08, -1.12, -0.05, -0.06, -0.05, -0.11, -0.13, -0.13, -0.30000000000000004, -1.31, -1.8399999999999999, -0.18, -0.30000000000000004, -0.13, -0.09, -0.04, -0.03, -0.03, -0.05, -0.04, -0.04, -0.04, -0.03, -0.03]","[-0.01, 0.011, 0.035, 0.036000000000000004, -0.017, 0.017, 0.029, 0.031, 0.025, 0.016, 0.018000000000000002, 0.057, 0.008, 0.032, 0.027, 0.01, 0.017, -0.008, -0.003, -0.001, -0.002, -0.006, 0.049, 0.006, 0.026000000000000002, -0.006, -0.002, -0.004, -0.004, -0.002, 0.013000000000000001, 0.065, 0.053, 0.02, 0.019, 0.028, 0.029, 0.024, 0.028, 0.043000000000000003, 0.024, 0.04, 0.04, 0.021, 0.004, 0.019, -0.001, 0.015, 0.009000000000000001, 0.011, 0.0, 0.014, 0.018000000000000002, 0.002, 0.006, 0.003, 0.007, 0.01, 0.015, 0.015, 0.01, 0.003, 0.007]","[-0.002, 0.01, 0.018000000000000002, 0.013000000000000001, -0.009000000000000001, 0.015, 0.005, 0.046, 0.003, 0.022, 0.002, 0.04, 0.007, 0.018000000000000002, 0.008, 0.009000000000000001, 0.034, -0.008, -0.002, -0.002, -0.002, -0.007, 0.04, 0.002, 0.018000000000000002, -0.002, -0.004, -0.006, -0.006, -0.003, 0.004, 0.052000000000000005, 0.084, 0.024, 0.028, 0.033, 0.025, 0.015, 0.023, 0.032, 0.016, 0.029, 0.025, 0.013000000000000001, 0.006, 0.018000000000000002, 0.001, 0.014, 0.008, 0.01, 0.002, 0.014, 0.017, 0.006, 0.024, 0.023, 0.022, 0.029, 0.031, 0.032, 0.031, 0.026000000000000002, 0.022]","[-0.0097, 0.0112, 0.0335, 0.0354, -0.0165, 0.0166, 0.028, 0.029900000000000003, 0.0241, 0.015700000000000002, 0.017400000000000002, 0.055, 0.0083, 0.031100000000000003, 0.026600000000000002, 0.0102, 0.0173, -0.0078000000000000005, -0.0024000000000000002, -0.0015, -0.002, -0.0064, 0.0472, 0.0058000000000000005, 0.0253, -0.0058000000000000005, -0.002, -0.0039000000000000003, -0.0039000000000000003, -0.0025, 0.0131, 0.06380000000000001, 0.0516, 0.0196, 0.019100000000000002, 0.0279, 0.028300000000000002, 0.0238, 0.027800000000000002, 0.0414, 0.0233, 0.039400000000000004, 0.038400000000000004, 0.0204, 0.0039000000000000003, 0.018000000000000002, -0.001, 0.0151, 0.0083, 0.0112, 0.0, 0.0137, 0.018000000000000002, 0.002, 0.0061, 0.0032, 0.006500000000000001, 0.0105, 0.0148, 0.015300000000000001, 0.0095, 0.0037, 0.007500000000000001]","[-0.0286, 0.0315, 0.1003, 0.10310000000000001, -0.0487, 0.0487, 0.08310000000000001, 0.0888, 0.0716, 0.0458, 0.0516, 0.1633, 0.0229, 0.0917, 0.07730000000000001, 0.0286, 0.0487, -0.0229, -0.0086, -0.0029000000000000002, -0.0057, -0.0172, 0.1404, 0.0172, 0.0745, -0.0172, -0.0057, -0.0115, -0.0115, -0.0057, 0.037200000000000004, 0.1862, 0.15180000000000002, 0.057300000000000004, 0.054400000000000004, 0.08020000000000001, 0.08310000000000001, 0.0687, 0.08020000000000001, 0.1232, 0.0687, 0.11460000000000001, 0.11460000000000001, 0.060200000000000004, 0.0115, 0.054400000000000004, -0.0029000000000000002, 0.043000000000000003, 0.0258, 0.0315, 0.0, 0.040100000000000004, 0.0516, 0.0057, 0.0172, 0.0086, 0.0201, 0.0286, 0.043000000000000003, 0.043000000000000003, 0.0286, 0.0086, 0.0201]","[0.0177, -0.0887, -0.1597, -0.1154, 0.0799, -0.1331, -0.0444, -0.4082, -0.026600000000000002, -0.1952, -0.0177, -0.355, -0.0621, -0.1597, -0.07100000000000001, -0.0799, -0.3017, 0.07100000000000001, 0.0177, 0.0177, 0.0177, 0.0621, -0.355, -0.0177, -0.1597, 0.0177, 0.035500000000000004, 0.053200000000000004, 0.053200000000000004, 0.026600000000000002, -0.035500000000000004, -0.4615, -0.7455, -0.213, -0.2485, -0.2929, -0.22190000000000001, -0.1331, -0.2041, -0.28400000000000003, -0.14200000000000002, -0.2574, -0.22190000000000001, -0.1154, -0.053200000000000004, -0.1597, -0.0089, -0.1242, -0.07100000000000001, -0.0887, -0.0177, -0.1242, -0.1509, -0.053200000000000004, -0.213, -0.2041, -0.1952, -0.2574, -0.2751, -0.28400000000000003, -0.2751, -0.23070000000000002, -0.1952]",6.7777,-9.6632,-2.8855,8.874600000000001,2.8628,41.6002,717.0507,-86.37,-7.57
Paracetamol+,,"[0.097, 0.1228, -0.079, 0.1182, -0.0487, -0.049300000000000004, -0.003, 0.0388, -0.0077, -0.0131, -0.028300000000000002, 0.1136, 0.0954, 0.09770000000000001, 0.1013, 0.1126, 0.054400000000000004, 0.0666, 0.0896, 0.063, 0.0582]","[29.698900000000002, 7.0402, 17.6704, 4.37, 4.6301, 8.7602, 15.4704, 7.3202, 34.8887, 15.4504, 14.6503, 9.12, 20.21, 19.2, 21.6699, 14.23, 13.91, 19.98, 19.66, 18.67, 18.64]","[None, None, None, None, None, None, None, None, None, None, None, None, None, None, None, None, None, None, None, None, None]","[-0.12, -0.05, 0.0, 0.0, 0.0, 0.0, 0.0, -0.02, -0.24, 0.0, 0.0, -2.41, -0.41000000000000003, -0.37, -0.53, -1.17, -0.12, -0.1, -3.56, -0.07, -0.13]","[0.10400000000000001, 0.117, -0.035, 0.063, 0.015, 0.02, 0.018000000000000002, 0.048, 0.057, 0.018000000000000002, 0.027, 0.044, 0.07100000000000001, 0.061, 0.081, 0.065, 0.036000000000000004, 0.054, 0.036000000000000004, 0.055, 0.048]","[0.049, 0.02, -0.013000000000000001, 0.019, 0.073, 0.022, 0.047, 0.049, 0.146, 0.042, 0.026000000000000002, 0.008, 0.043000000000000003, 0.04, 0.053, 0.04, 0.064, 0.07100000000000001, 0.062, 0.07, 0.068]","[0.1042, 0.11610000000000001, -0.0349, 0.06280000000000001, 0.015, 0.02, 0.018500000000000003, 0.047400000000000005, 0.0565, 0.018000000000000002, 0.0264, 0.0439, 0.0708, 0.0603, 0.08080000000000001, 0.06430000000000001, 0.036000000000000004, 0.0534, 0.0359, 0.054400000000000004, 0.047900000000000005]","[0.4279, 0.48140000000000005, -0.14400000000000002, 0.2592, 0.061700000000000005, 0.0823, 0.0741, 0.1975, 0.23450000000000001, 0.0741, 0.1111, 0.1811, 0.2922, 0.251, 0.33330000000000004, 0.2675, 0.1481, 0.2222, 0.1481, 0.2263, 0.1975]","[-0.6067, -0.24760000000000001, 0.161, -0.23520000000000002, -0.9038, -0.27240000000000003, -0.5819, -0.6067, -1.8077, -0.52, -0.3219, -0.09910000000000001, -0.5324, -0.4953, -0.6562, -0.4953, -0.7924, -0.8791, -0.7676000000000001, -0.8667, -0.8419000000000001]",8.2361,-12.0393,-3.8032,12.3814,4.1148,4.7964,335.2392,-61.19,-9.28
Quinine+,,"[-0.06760000000000001, -0.0458, -0.0118, 0.2235, -0.0198, -0.0587, -0.015700000000000002, -0.0541, -0.0245, -0.056400000000000006, -0.0463, -0.054900000000000004, -0.0216, -0.0506, -0.033600000000000005, 0.023200000000000002, -0.03, -0.0347, -0.0702, 0.006200000000000001, -0.0364, -0.0791, -0.031200000000000002, -0.0045000000000000005, 0.0835, 0.0488, 0.0671, 0.0976, 0.0755, 0.0758, 0.0717, 0.07100000000000001, 0.0775, 0.06280000000000001, 0.0666, 0.052700000000000004, 0.0403, 0.0591, 0.0698, 0.06330000000000001, 0.0772, 0.0475, 0.0541, 0.034800000000000005, 0.0597, 0.058100000000000006, 0.0678, 0.0516, 0.0604]","[18.6093, 0.55, 0.0, 0.0, 6.7302, 6.3001000000000005, 3.0601, 0.27, 6.3701, 20.2905, 0.13, 2.5601000000000003, 1.48, 7.7202, 18.8604, 19.2898, 6.4402, 2.9501, 6.4402, 6.4902, 8.8997, 18.8804, 12.0503, 15.3104, 17.95, 3.23, 5.49, 7.32, 16.03, 16.97, 17.5, 16.59, 16.76, 3.17, 14.82, 15.0, 14.2, 16.6, 15.6, 0.88, 15.0, 13.34, 22.8899, 0.97, 17.65, 17.71, 22.2499, 12.23, 19.73]","[None, None, None, None, None, None, None, None, None, None, None, None, None, None, None, None, None, None, None, None, None, None, None, None, None, None, None, None, None, None, None, None, None, None, None, None, None, None, None, None, None, None, None, None, None, None, None, None, None]","[-0.15, 0.0, 0.0, 0.0, 0.0, 0.0, 0.0, 0.0, 0.0, -0.01, 0.0, 0.0, 0.0, 0.0, 0.0, -0.04, 0.0, 0.0, 0.0, -0.01, -0.05, 0.0, 0.0, 0.0, -2.79, -0.01, -0.07, -0.76, -0.19, -0.17, -0.1, -0.09, -0.19, -0.05, -0.1, -0.04, -0.04, -0.03, -0.07, -0.01, -0.08, -0.07, -0.05, -0.01, -0.06, -0.06, -0.17, -0.04, -0.09]","[0.02, -0.005, -0.001, 0.004, -0.007, -0.006, -0.006, -0.005, 0.024, 0.018000000000000002, -0.001, -0.003, 0.061, 0.033, 0.02, 0.094, 0.01, 0.014, 0.029, 0.031, 0.036000000000000004, -0.017, 0.03, 0.039, 0.01, 0.02, 0.01, 0.008, 0.017, 0.011, 0.017, 0.011, 0.021, -0.002, 0.027, 0.025, 0.03, 0.027, 0.014, -0.012, 0.008, 0.062, 0.064, 0.041, 0.02, 0.019, 0.029, 0.056, 0.055]","[0.021, -0.001, -0.003, 0.002, -0.006, -0.005, -0.006, -0.003, 0.013000000000000001, 0.01, -0.001, -0.001, 0.027, 0.019, 0.015, 0.128, 0.017, 0.022, 0.034, 0.021, 0.08, -0.024, 0.015, 0.02, 0.011, 0.017, 0.011, 0.008, 0.016, 0.01, 0.016, 0.011, 0.019, -0.001, 0.028, 0.016, 0.021, 0.017, 0.012, -0.012, 0.008, 0.056, 0.068, 0.048, 0.047, 0.048, 0.041, 0.045, 0.045]","[0.018600000000000002, -0.0043, -0.001, 0.0035, -0.0058000000000000005, -0.0049, -0.0054, -0.0044, 0.020800000000000003, 0.0159, -0.0009000000000000001, -0.0026000000000000003, 0.0536, 0.0292, 0.0183, 0.0864, 0.0089, 0.013000000000000001, 0.0269, 0.027600000000000003, 0.0344, -0.0152, 0.026000000000000002, 0.0349, 0.0095, 0.0175, 0.0086, 0.007200000000000001, 0.0158, 0.0103, 0.0158, 0.0099, 0.0189, -0.0022, 0.024900000000000002, 0.022600000000000002, 0.027200000000000002, 0.024, 0.0126, -0.0108, 0.007200000000000001, 0.0558, 0.058, 0.0378, 0.0188, 0.0189, 0.0267, 0.0497, 0.049300000000000004]","[0.059300000000000005, -0.0148, -0.003, 0.0119, -0.020800000000000003, -0.0178, -0.0178, -0.0148, 0.0712, 0.0534, -0.003, -0.0089, 0.181, 0.0979, 0.059300000000000005, 0.27890000000000004, 0.0297, 0.0415, 0.08600000000000001, 0.092, 0.1068, -0.0504, 0.089, 0.11570000000000001, 0.0297, 0.059300000000000005, 0.0297, 0.023700000000000002, 0.0504, 0.032600000000000004, 0.0504, 0.032600000000000004, 0.0623, -0.0059, 0.0801, 0.0742, 0.089, 0.0801, 0.0415, -0.0356, 0.023700000000000002, 0.1839, 0.1899, 0.1216, 0.059300000000000005, 0.056400000000000006, 0.08600000000000001, 0.1661, 0.1632]","[-0.2142, 0.0102, 0.030600000000000002, -0.0204, 0.061200000000000004, 0.051000000000000004, 0.061200000000000004, 0.030600000000000002, -0.1326, -0.10200000000000001, 0.0102, 0.0102, -0.2755, -0.1938, -0.153, -1.3059, -0.1734, -0.2245, -0.34690000000000004, -0.2142, -0.8162, 0.2449, -0.153, -0.20400000000000001, -0.11220000000000001, -0.1734, -0.11220000000000001, -0.0816, -0.1632, -0.10200000000000001, -0.1632, -0.11220000000000001, -0.1938, 0.0102, -0.2857, -0.1632, -0.2142, -0.1734, -0.12240000000000001, 0.12240000000000001, -0.0816, -0.5713, -0.6938000000000001, -0.4897, -0.47950000000000004, -0.4897, -0.4183, -0.4591, -0.4591]",8.2342,-10.7221,-2.4879,10.2023,2.9328000000000003,9.217600000000001,529.5613,-55.81,-5.59
Ribavirin+,,"[-0.07880000000000001, -0.053200000000000004, -0.0129, -0.0257, -0.025400000000000002, -0.0239, 0.1753, 0.0251, -0.0349, -0.11130000000000001, 0.0823, 0.2001, -0.0049, 0.0437, -0.0407, -0.047400000000000005, -0.0596, 0.056900000000000006, 0.058600000000000006, 0.0534, 0.0689, 0.0524, 0.0476, 0.0708, 0.07250000000000001, 0.1506, 0.1499, 0.07930000000000001, 0.0674, 0.064]","[6.4798, 5.9201, 0.5700000000000001, 1.33, 0.77, 0.64, 0.88, 12.9703, 14.1399, 6.5302, 8.3702, 6.6899, 48.1582, 11.0099, 14.5294, 22.7691, 30.6488, 23.9399, 18.45, 17.25, 16.94, 15.44, 7.72, 16.96, 12.34, 24.8899, 24.7799, 8.85, 18.58, 13.07]","[None, None, None, None, None, None, None, None, None, None, None, None, None, None, None, None, None, None, None, None, None, None, None, None, None, None, None, None, None, None]","[0.0, 0.0, 0.0, 0.0, 0.0, 0.0, 0.0, -0.01, -0.04, -0.01, -0.06, 0.0, -0.2, -0.02, -0.06, -0.15, -0.31, -3.89, -0.05, -0.06, -0.13, -0.03, -0.04, -0.18, -0.19, -2.92, -2.93, -1.3900000000000001, -3.47, -2.73]","[-0.02, -0.008, -0.007, -0.001, 0.001, -0.012, 0.064, 0.014, 0.08700000000000001, 0.026000000000000002, 0.10300000000000001, 0.004, 0.215, 0.13, 0.016, 0.018000000000000002, 0.013000000000000001, 0.009000000000000001, 0.022, 0.009000000000000001, 0.026000000000000002, 0.022, 0.0, 0.04, 0.079, 0.053, 0.053, 0.034, 0.003, 0.009000000000000001]","[0.06, -0.011, 0.001, -0.006, -0.003, 0.001, -0.003, -0.005, 0.044, 0.015, 0.007, 0.002, 0.049, 0.015, 0.063, 0.053, 0.139, 0.042, 0.057, 0.079, 0.051000000000000004, 0.097, 0.046, 0.053, 0.017, 0.019, 0.017, 0.004, 0.04, 0.053]","[-0.0317, -0.0085, -0.009000000000000001, -0.0001, 0.0016, -0.0148, 0.0826, 0.019, 0.1072, 0.0323, 0.1308, 0.0049, 0.2696, 0.1651, 0.0134, 0.0181, 0.0024000000000000002, 0.0078000000000000005, 0.0228, 0.0034000000000000002, 0.0286, 0.0176, -0.0047, 0.0451, 0.09910000000000001, 0.06570000000000001, 0.0659, 0.043000000000000003, 0.00030000000000000003, 0.0061]","[-0.0978, -0.0391, -0.0342, -0.0049, 0.0049, -0.0587, 0.313, 0.0685, 0.4254, 0.12710000000000002, 0.5037, 0.0196, 1.0514000000000001, 0.6357, 0.0782, 0.088, 0.0636, 0.044, 0.1076, 0.044, 0.12710000000000002, 0.1076, 0.0, 0.1956, 0.38630000000000003, 0.2592, 0.2592, 0.1663, 0.014700000000000001, 0.044]","[-0.7123, 0.1306, -0.0119, 0.0712, 0.0356, -0.0119, 0.0356, 0.0594, -0.5223, -0.1781, -0.08310000000000001, -0.023700000000000002, -0.5817, -0.1781, -0.7479, -0.6292, -1.6501000000000001, -0.49860000000000004, -0.6766, -0.9378000000000001, -0.6054, -1.1515, -0.5461, -0.6292, -0.2018, -0.2255, -0.2018, -0.0475, -0.4748, -0.6292]",8.1904,-12.701,-4.5106,11.871,4.7821,15.0624,411.6153,-80.79,-18.89
Risperidone+,,"[-0.14350000000000002, -0.0397, -0.039400000000000004, -0.07350000000000001, -0.0378, 0.2403, -0.0405, -0.0613, -0.058, -0.062400000000000004, -0.040600000000000004, -0.0371, 0.0279, -0.0304, 0.022600000000000002, -0.0524, -0.0111, -0.035, 0.0756, -0.0873, -0.034, 0.015600000000000001, -0.024800000000000003, 0.0047, 0.14650000000000002, -0.0555, -0.0658, -0.056900000000000006, -0.07540000000000001, -0.1278, 0.0658, 0.0668, 0.0687, 0.069, -0.0102, 0.0524, 0.06620000000000001, 0.0741, 0.0641, 0.0646, 0.0737, 0.0629, 0.07, 0.0541, 0.053500000000000006, 0.0618, 0.0671, 0.06570000000000001, 0.064, 0.0603, 0.0632, 0.0604, 0.0596, 0.0727, 0.0726, 0.0729, 0.0678, 0.0732]","[6.4898, 4.8601, 2.6401, 4.5501000000000005, 3.3701, 0.0, 3.8001, 5.5501000000000005, 0.0, 5.4601, 4.0801, 0.81, 6.4199, 27.379, 7.3002, 4.3801, 14.6303, 15.6704, 7.8402, 46.0491, 15.7504, 5.8801, 12.8099, 4.7401, 0.78, 5.3401, 6.2201, 6.1601, 5.8801, 16.4704, 10.09, 8.63, 15.06, 10.25, 0.0, 5.4, 11.68, 17.9, 11.53, 9.89, 17.83, 10.66, 14.4, 6.63, 16.09, 20.39, 20.04, 16.08, 11.18, 17.43, 20.38, 19.43, 19.86, 17.94, 15.73, 18.32, 15.48, 18.02]","[None, None, None, None, None, None, None, None, None, None, None, None, None, None, None, None, None, None, None, None, None, None, None, None, None, None, None, None, None, None, None, None, None, None, None, None, None, None, None, None, None, None, None, None, None, None, None, None, None, None, None, None, None, None, None, None, None, None]","[-0.17, 0.0, 0.0, 0.0, 0.0, 0.0, 0.0, 0.0, 0.0, 0.0, 0.0, 0.0, 0.0, -0.03, -0.01, 0.0, 0.0, 0.0, -0.02, -0.35000000000000003, 0.0, 0.0, -0.05, 0.0, 0.0, 0.0, 0.0, 0.0, 0.0, 0.0, -0.08, -0.08, -0.16, -0.1, 0.0, -0.09, -0.12, -0.09, -0.09, -0.05, -0.09, -0.09, -0.13, -0.1, -0.13, -0.15, -0.18, -0.11, -0.12, -0.05, -0.09, -0.06, -0.07, -0.15, -0.13, -0.14, -0.13, -0.14]","[0.043000000000000003, 0.013000000000000001, 0.032, -0.008, -0.005, 0.001, -0.006, -0.004, -0.002, -0.004, -0.005, 0.026000000000000002, 0.06, 0.037, 0.009000000000000001, 0.013000000000000001, 0.029, 0.014, 0.029, 0.04, 0.025, 0.047, 0.035, 0.037, 0.045, -0.011, -0.006, -0.006, -0.008, -0.016, 0.022, 0.02, 0.018000000000000002, 0.009000000000000001, 0.0, 0.004, 0.011, 0.012, 0.012, 0.016, 0.011, 0.011, 0.01, 0.004, 0.036000000000000004, 0.038, 0.038, 0.026000000000000002, 0.017, 0.011, 0.024, 0.018000000000000002, 0.024, 0.026000000000000002, 0.031, 0.029, 0.032, 0.036000000000000004]","[0.043000000000000003, 0.003, 0.024, -0.005, -0.005, 0.003, -0.005, -0.004, -0.001, -0.004, -0.005, 0.014, 0.053, 0.041, 0.009000000000000001, 0.018000000000000002, 0.026000000000000002, 0.013000000000000001, 0.025, 0.065, 0.038, 0.008, 0.082, 0.005, 0.019, -0.008, -0.005, -0.004, -0.003, -0.008, 0.02, 0.02, 0.017, 0.01, 0.002, 0.006, 0.013000000000000001, 0.012, 0.013000000000000001, 0.015, 0.012, 0.012, 0.011, 0.005, 0.037, 0.037, 0.042, 0.022, 0.018000000000000002, 0.023, 0.026000000000000002, 0.033, 0.036000000000000004, 0.022, 0.034, 0.019, 0.026000000000000002, 0.027]","[0.0434, 0.0132, 0.0324, -0.0076, -0.0051, 0.001, -0.0056, -0.004, -0.0015, -0.004, -0.0051, 0.0263, 0.0601, 0.0374, 0.0091, 0.0126, 0.0298, 0.014700000000000001, 0.029300000000000003, 0.0408, 0.0247, 0.0472, 0.0356, 0.0375, 0.0456, -0.011600000000000001, -0.0066, -0.0061, -0.0076, -0.0162, 0.0222, 0.020200000000000003, 0.0187, 0.009600000000000001, -0.0, 0.004, 0.0111, 0.012100000000000001, 0.011600000000000001, 0.015700000000000002, 0.011600000000000001, 0.0106, 0.009600000000000001, 0.0045000000000000005, 0.0359, 0.038900000000000004, 0.038400000000000004, 0.0263, 0.0167, 0.0111, 0.024200000000000003, 0.018600000000000002, 0.024200000000000003, 0.0263, 0.0318, 0.029300000000000003, 0.0324, 0.0359]","[0.1515, 0.0458, 0.11280000000000001, -0.028200000000000003, -0.0176, 0.0035, -0.0211, -0.014100000000000001, -0.007, -0.014100000000000001, -0.0176, 0.0916, 0.2114, 0.13040000000000002, 0.0317, 0.0458, 0.1022, 0.049300000000000004, 0.1022, 0.1409, 0.0881, 0.1656, 0.1233, 0.13040000000000002, 0.15860000000000002, -0.0388, -0.0211, -0.0211, -0.028200000000000003, -0.056400000000000006, 0.0775, 0.07050000000000001, 0.0634, 0.0317, 0.0, 0.014100000000000001, 0.0388, 0.042300000000000004, 0.042300000000000004, 0.056400000000000006, 0.0388, 0.0388, 0.0352, 0.014100000000000001, 0.1268, 0.13390000000000002, 0.13390000000000002, 0.0916, 0.0599, 0.0388, 0.08460000000000001, 0.0634, 0.08460000000000001, 0.0916, 0.1092, 0.1022, 0.11280000000000001, 0.1268]","[-0.4484, -0.0313, -0.2503, 0.0521, 0.0521, -0.0313, 0.0521, 0.0417, 0.010400000000000001, 0.0417, 0.0521, -0.146, -0.5527000000000001, -0.42760000000000004, -0.09390000000000001, -0.1877, -0.2711, -0.1356, -0.2607, -0.6778000000000001, -0.39630000000000004, -0.0834, -0.8551000000000001, -0.0521, -0.1981, 0.0834, 0.0521, 0.0417, 0.0313, 0.0834, -0.2086, -0.2086, -0.1773, -0.1043, -0.020900000000000002, -0.0626, -0.1356, -0.12510000000000002, -0.1356, -0.1564, -0.12510000000000002, -0.12510000000000002, -0.11470000000000001, -0.0521, -0.38580000000000003, -0.38580000000000003, -0.438, -0.22940000000000002, -0.1877, -0.2399, -0.2711, -0.3441, -0.3754, -0.22940000000000002, -0.3546, -0.1981, -0.2711, -0.2816]",8.8651,-11.3195,-2.4544,10.4283,3.5231,4.2748,647.6302,-49.28,-3.5300000000000002
Ritonavir+,,"[-0.1882, -0.0695, 0.0671, -0.058, -0.09910000000000001, -0.0177, -0.0711, -0.0408, -0.028300000000000002, -0.0134, -0.0313, -0.0253, -0.0722, -0.0403, 0.159, 0.0828, 0.0876, -0.0487, 0.0751, -0.074, 0.1282, -0.0993, -0.0925, -0.0646, -0.20620000000000002, 0.4985, -0.1653, -0.0786, -0.1252, -0.1287, -0.0302, -0.1343, -0.052700000000000004, -0.1177, -0.11380000000000001, -0.0767, -0.030600000000000002, -0.0551, -0.029900000000000003, -0.022500000000000003, -0.024200000000000003, -0.056, -0.0651, -0.0056, -0.0591, -0.17880000000000001, -0.076, -0.018600000000000002, -0.20450000000000002, 0.4642, 0.0711, 0.043500000000000004, 0.060200000000000004, 0.045, 0.0325, 0.0468, 0.0502, 0.048600000000000004, 0.0429, 0.0567, 0.062400000000000004, 0.07060000000000001, 0.0424, 0.0024000000000000002, 0.09620000000000001, 0.0745, 0.0171, 0.0623, 0.06620000000000001, 0.0688, 0.07060000000000001, 0.0577, 0.0324, 0.048600000000000004, 0.0482, 0.059800000000000006, 0.0611, 0.061500000000000006, 0.0541, 0.048, 0.0521, 0.0438, 0.047900000000000005, 0.0658, 0.059000000000000004, 0.0522, 0.0635, 0.0658, 0.0668, 0.043500000000000004, 0.0487, 0.054200000000000005, 0.055400000000000005, 0.046900000000000004, 0.0663, 0.07, 0.0533, 0.046200000000000005, 0.0234]","[12.9695, 1.49, 1.17, 0.0, 3.3801, 2.8401, 9.1402, 15.7804, 16.1704, 8.2502, 6.8902, 0.28, 2.5901, 0.0, 0.64, 3.1501, 12.5195, 0.16, 0.0, 3.0301, 0.04, 16.1004, 5.0901, 3.8501000000000003, 12.4503, 36.8999, 0.58, 0.09, 14.4603, 11.8203, 1.6600000000000001, 13.7795, 0.09, 8.2302, 7.3102, 3.1601, 3.2500999999999998, 7.2002, 8.1102, 9.9502, 12.3503, 7.5202, 18.5493, 12.9395, 8.1302, 3.0901, 9.1802, 18.0998, 15.0004, 36.8199, 12.87, 2.19, 6.92, 7.21, 8.02, 22.4199, 22.4499, 6.75, 1.9500000000000002, 7.21, 11.12, 9.38, 0.0, 0.0, 2.1, 8.52, 0.0, 19.38, 14.23, 12.63, 12.33, 2.32, 17.82, 1.74, 12.73, 18.69, 18.88, 18.21, 11.4, 12.42, 12.78, 0.45, 1.18, 17.91, 18.66, 1.5, 12.07, 5.48, 8.25, 2.91, 12.03, 22.0399, 22.4699, 9.42, 13.95, 19.59, 13.07, 18.22, 22.8399]","[None, None, None, None, None, None, None, None, None, None, None, None, None, None, None, None, None, None, None, None, None, None, None, None, None, None, None, None, None, None, None, None, None, None, None, None, None, None, None, None, None, None, None, None, None, None, None, None, None, None, None, None, None, None, None, None, None, None, None, None, None, None, None, None, None, None, None, None, None, None, None, None, None, None, None, None, None, None, None, None, None, None, None, None, None, None, None, None, None, None, None, None, None, None, None, None, None, None, None]","[-0.17, 0.0, 0.0, 0.0, 0.0, 0.0, 0.0, 0.0, 0.0, 0.0, 0.0, 0.0, 0.0, 0.0, 0.0, 0.0, -0.06, 0.0, 0.0, 0.0, 0.0, 0.0, 0.0, 0.0, 0.0, 0.0, 0.0, 0.0, 0.0, 0.0, 0.0, -0.19, 0.0, 0.0, 0.0, 0.0, 0.0, 0.0, 0.0, 0.0, 0.0, 0.0, -0.15, -0.06, 0.0, 0.0, 0.0, -0.04, 0.0, 0.0, -0.84, -0.02, -0.02, -0.06, -0.04, -0.05, -0.02, -0.01, 0.0, -0.01, -0.07, -0.1, 0.0, -0.11, -0.96, -0.1, 0.0, -0.11, -0.07, -0.13, -0.1, -0.05, -0.07, -0.02, -0.03, -0.05, -0.07, -0.06, -0.03, -0.03, -0.07, -0.01, -0.01, -0.06, -0.04, -0.01, -0.04, -0.07, -0.06, -0.01, -0.02, -0.03, -0.04, -0.03, -2.22, -0.17, -0.08, -0.09, -0.17]","[0.001, -0.001, 0.001, -0.002, 0.0, -0.003, 0.0, 0.002, 0.003, 0.001, -0.001, -0.002, -0.003, -0.008, 0.06, 0.065, 0.06, -0.003, 0.0, -0.004, 0.014, -0.01, -0.007, 0.008, 0.005, 0.125, 0.013000000000000001, -0.002, -0.007, -0.007, 0.021, 0.008, -0.003, -0.008, -0.007, -0.004, -0.003, -0.006, 0.006, 0.007, 0.005, 0.004, -0.001, 0.008, -0.004, 0.008, 0.004, 0.027, 0.005, 0.069, 0.006, -0.002, 0.002, -0.009000000000000001, -0.006, 0.007, 0.01, 0.003, -0.003, 0.011, 0.007, 0.008, 0.016, 0.029, 0.028, 0.029, 0.01, 0.014, 0.012, 0.009000000000000001, 0.019, 0.008, 0.032, 0.01, 0.008, 0.007, 0.018000000000000002, 0.017, 0.005, 0.008, 0.009000000000000001, -0.003, 0.005, 0.018000000000000002, 0.011, 0.002, 0.016, 0.024, 0.013000000000000001, 0.004, 0.014, 0.021, 0.021, 0.017, 0.009000000000000001, 0.015, 0.009000000000000001, 0.02, 0.023]","[0.012, -0.003, 0.013000000000000001, 0.001, -0.004, 0.019, 0.01, 0.011, 0.022, 0.008, 0.004, 0.001, -0.004, -0.001, -0.001, 0.001, 0.005, -0.002, 0.009000000000000001, 0.0, 0.022, -0.009000000000000001, -0.006, 0.016, 0.0, 0.097, 0.003, 0.001, -0.004, -0.004, 0.013000000000000001, 0.014, -0.001, -0.003, -0.003, -0.002, 0.001, 0.0, 0.001, 0.004, 0.003, 0.0, 0.022, 0.014, -0.008, 0.003, 0.0, 0.082, -0.011, 0.122, 0.011, 0.014, 0.012, 0.023, 0.023, 0.028, 0.029, 0.013000000000000001, 0.01, 0.011, 0.004, 0.01, -0.002, 0.001, 0.001, 0.006, 0.003, 0.016, 0.015, 0.01, 0.015, 0.012, 0.023, 0.011, 0.007, 0.008, 0.016, 0.016, 0.007, 0.008, 0.005, 0.001, -0.002, 0.007, 0.005, -0.004, 0.006, 0.0, 0.003, -0.001, 0.005, 0.01, 0.008, -0.001, 0.008, 0.025, 0.019, 0.033, 0.038]","[-0.0, -0.001, 0.0005, -0.0018000000000000002, 0.0002, -0.0044, -0.0005, 0.0012000000000000001, 0.0017000000000000001, 0.0002, -0.0019, -0.0029000000000000002, -0.0027, -0.0097, 0.0695, 0.0745, 0.06910000000000001, -0.0028, -0.001, -0.0046, 0.0149, -0.0105, -0.007200000000000001, 0.0083, 0.005200000000000001, 0.1384, 0.0148, -0.0018000000000000002, -0.0073, -0.008400000000000001, 0.0234, 0.008400000000000001, -0.0034000000000000002, -0.0085, -0.0079, -0.0045000000000000005, -0.0035, -0.006900000000000001, 0.0074, 0.008400000000000001, 0.0056, 0.0046, -0.0028, 0.008400000000000001, -0.004200000000000001, 0.009600000000000001, 0.0046, 0.0262, 0.0063, 0.0734, 0.0058000000000000005, -0.003, 0.0017000000000000001, -0.0115, -0.007500000000000001, 0.006, 0.0105, 0.0028, -0.0034000000000000002, 0.012, 0.008400000000000001, 0.008700000000000001, 0.018500000000000003, 0.0332, 0.0315, 0.0324, 0.0119, 0.0152, 0.012400000000000001, 0.009300000000000001, 0.021, 0.0086, 0.0361, 0.010400000000000001, 0.0094, 0.0082, 0.0198, 0.019200000000000002, 0.0054, 0.0088, 0.010100000000000001, -0.0035, 0.0064, 0.020800000000000003, 0.012400000000000001, 0.0025, 0.018000000000000002, 0.0275, 0.0148, 0.005200000000000001, 0.015300000000000001, 0.0241, 0.024200000000000003, 0.0196, 0.0105, 0.0159, 0.009300000000000001, 0.0218, 0.0239]","[0.0035, -0.0035, 0.0035, -0.007, 0.0, -0.0105, 0.0, 0.007, 0.0105, 0.0035, -0.0035, -0.007, -0.0105, -0.028, 0.2097, 0.2272, 0.2097, -0.0105, 0.0, -0.014, 0.0489, -0.035, -0.0245, 0.028, 0.0175, 0.4369, 0.0454, -0.007, -0.0245, -0.0245, 0.0734, 0.028, -0.0105, -0.028, -0.0245, -0.014, -0.0105, -0.021, 0.021, 0.0245, 0.0175, 0.014, -0.0035, 0.028, -0.014, 0.028, 0.014, 0.0944, 0.0175, 0.2412, 0.021, -0.007, 0.007, -0.0315, -0.021, 0.0245, 0.035, 0.0105, -0.0105, 0.038400000000000004, 0.0245, 0.028, 0.055900000000000005, 0.1014, 0.0979, 0.1014, 0.035, 0.0489, 0.0419, 0.0315, 0.0664, 0.028, 0.11180000000000001, 0.035, 0.028, 0.0245, 0.0629, 0.0594, 0.0175, 0.028, 0.0315, -0.0105, 0.0175, 0.0629, 0.038400000000000004, 0.007, 0.055900000000000005, 0.0839, 0.0454, 0.014, 0.0489, 0.0734, 0.0734, 0.0594, 0.0315, 0.0524, 0.0315, 0.0699, 0.0804]","[-0.1115, 0.0279, -0.1208, -0.009300000000000001, 0.037200000000000004, -0.1766, -0.09290000000000001, -0.1022, -0.20450000000000002, -0.07440000000000001, -0.037200000000000004, -0.009300000000000001, 0.037200000000000004, 0.009300000000000001, 0.009300000000000001, -0.009300000000000001, -0.0465, 0.018600000000000002, -0.08360000000000001, 0.0, -0.20450000000000002, 0.08360000000000001, 0.0558, -0.1487, 0.0, -0.9015000000000001, -0.0279, -0.009300000000000001, 0.037200000000000004, 0.037200000000000004, -0.1208, -0.1301, 0.009300000000000001, 0.0279, 0.0279, 0.018600000000000002, -0.009300000000000001, 0.0, -0.009300000000000001, -0.037200000000000004, -0.0279, 0.0, -0.20450000000000002, -0.1301, 0.07440000000000001, -0.0279, 0.0, -0.7621, 0.1022, -1.1339000000000001, -0.1022, -0.1301, -0.1115, -0.21380000000000002, -0.21380000000000002, -0.2602, -0.2695, -0.1208, -0.09290000000000001, -0.1022, -0.037200000000000004, -0.09290000000000001, 0.018600000000000002, -0.009300000000000001, -0.009300000000000001, -0.0558, -0.0279, -0.1487, -0.1394, -0.09290000000000001, -0.1394, -0.1115, -0.21380000000000002, -0.1022, -0.0651, -0.07440000000000001, -0.1487, -0.1487, -0.0651, -0.07440000000000001, -0.0465, -0.009300000000000001, 0.018600000000000002, -0.0651, -0.0465, 0.037200000000000004, -0.0558, 0.0, -0.0279, 0.009300000000000001, -0.0465, -0.09290000000000001, -0.07440000000000001, 0.009300000000000001, -0.07440000000000001, -0.23240000000000002, -0.1766, -0.30670000000000003, -0.3532]",7.6768,-10.8588,-3.1819,9.294,3.4685,9.8617,942.9612,-57.99,-7.15
Salicin,,"[-0.0616, -0.0315, -0.031, -0.058800000000000005, -0.0333, -0.0666, -0.026600000000000002, -0.0364, 0.0046, -0.0099, -0.0684, -0.07390000000000001, -0.0369, -0.0497, -0.0417, -0.0579, -0.047900000000000005, -0.0349, -0.047, -0.078, 0.0599, 0.047400000000000005, 0.0492, 0.0591, 0.053, 0.0463, 0.0419, 0.0499, 0.0505, 0.0558, 0.048, 0.0449, 0.0458, 0.0438, 0.0408, 0.044500000000000005, 0.048600000000000004, 0.0577]","[17.7693, 0.4, 0.8300000000000001, 20.3092, 0.55, 30.9788, 0.03, 2.4699, 5.5001, 4.8601, 4.2101, 27.6089, 14.0403, 16.5204, 16.3304, 10.2102, 4.9398, 0.0, 5.1601, 26.679, 18.91, 10.59, 16.3, 18.82, 10.04, 7.8100000000000005, 6.23, 14.29, 17.38, 24.0299, 13.38, 22.5599, 22.4099, 5.41, 8.82, 10.65, 18.58, 24.0799]","[None, None, None, None, None, None, None, None, None, None, None, None, None, None, None, None, None, None, None, None, None, None, None, None, None, None, None, None, None, None, None, None, None, None, None, None, None, None]","[-0.16, 0.0, 0.0, -0.16, 0.0, -0.30000000000000004, 0.0, 0.0, 0.0, 0.0, 0.0, -0.32, 0.0, 0.0, 0.0, 0.0, -0.08, 0.0, 0.0, -0.17, -3.17, -0.04, -0.04, -3.06, -0.05, -1.7000000000000002, 0.0, -0.02, -0.03, -3.71, -0.08, -0.07, -0.07, -0.02, -0.01, -0.04, -0.05, -4.05]","[0.0, -0.004, -0.003, 0.005, 0.001, 0.005, -0.009000000000000001, 0.043000000000000003, 0.061, 0.083, -0.018000000000000002, 0.011, 0.053, 0.048, 0.069, 0.05, -0.003, -0.003, -0.002, 0.005, 0.008, 0.018000000000000002, 0.02, 0.004, 0.007, 0.01, 0.011, 0.053, 0.055, 0.036000000000000004, 0.089, 0.091, 0.096, 0.09, 0.001, 0.009000000000000001, -0.002, 0.011]","[0.017, -0.001, -0.004, 0.033, 0.003, 0.035, -0.005, 0.046, 0.026000000000000002, 0.031, -0.014, 0.053, 0.013000000000000001, 0.035, 0.029, 0.012, 0.035, -0.003, -0.009000000000000001, 0.029, 0.02, 0.036000000000000004, 0.05, 0.02, 0.024, 0.019, 0.026000000000000002, 0.057, 0.063, 0.035, 0.041, 0.052000000000000005, 0.049, 0.03, 0.034, 0.028, 0.031, 0.024]","[0.0019, -0.0007, -0.0008, 0.0044, 0.0005, 0.0046, -0.0023, 0.013300000000000001, 0.0146, 0.0193, -0.0049, 0.0077, 0.011600000000000001, 0.0128, 0.0164, 0.0109, 0.0031000000000000003, -0.0009000000000000001, -0.0012000000000000001, 0.004, 0.0036000000000000003, 0.007200000000000001, 0.0091, 0.0029000000000000002, 0.004, 0.0038, 0.005, 0.0162, 0.0172, 0.0105, 0.021500000000000002, 0.023200000000000002, 0.0235, 0.0205, 0.0036000000000000003, 0.0048000000000000004, 0.003, 0.0048000000000000004]","[0.0, -0.0017000000000000001, -0.0013000000000000002, 0.0021000000000000003, 0.0004, 0.0021000000000000003, -0.0038, 0.0182, 0.0258, 0.0351, -0.0076, 0.0047, 0.0224, 0.020300000000000002, 0.0292, 0.0212, -0.0013000000000000002, -0.0013000000000000002, -0.0008, 0.0021000000000000003, 0.0034000000000000002, 0.0076, 0.0085, 0.0017000000000000001, 0.003, 0.004200000000000001, 0.0047, 0.0224, 0.0233, 0.0152, 0.037700000000000004, 0.0385, 0.040600000000000004, 0.0381, 0.0004, 0.0038, -0.0008, 0.0047]","[-0.1295, 0.0076, 0.030500000000000003, -0.2513, -0.0228, -0.2666, 0.0381, -0.3504, -0.198, -0.2361, 0.1066, -0.4037, -0.099, -0.2666, -0.2209, -0.09140000000000001, -0.2666, 0.0228, 0.0685, -0.2209, -0.15230000000000002, -0.2742, -0.3808, -0.15230000000000002, -0.18280000000000002, -0.1447, -0.198, -0.43410000000000004, -0.4798, -0.2666, -0.3123, -0.3961, -0.37320000000000003, -0.2285, -0.259, -0.21330000000000002, -0.2361, -0.18280000000000002]",11.0575,-9.2254,1.8321,7.6166,-1.9318,3.2518000000000002,479.6862,-27.31,-17.37
Tetracycline+,,"[-0.013800000000000002, 0.031900000000000005, -0.0395, -0.008400000000000001, -0.055200000000000006, -0.0066, -0.0475, 0.0179, -0.046700000000000005, 0.0317, 0.010400000000000001, -0.0274, -0.014, -0.0898, 0.0816, 0.105, 0.0466, 0.0029000000000000002, -0.1111, -0.0253, 0.23470000000000002, -0.0533, -0.0386, -0.0979, -0.0492, -0.053500000000000006, -0.078, -0.0609, -0.021, -0.0777, -0.12050000000000001, -0.0796, 0.0396, 0.057300000000000004, 0.0558, 0.049800000000000004, 0.033, 0.1086, 0.07490000000000001, 0.0641, 0.07590000000000001, 0.0609, 0.0824, 0.0863, 0.076, 0.08360000000000001, 0.0727, 0.06430000000000001, 0.0796, 0.0775, 0.0516, 0.0514, 0.0597, 0.0596, 0.0656, 0.0539, 0.0687]","[34.6687, 7.2302, 15.5404, 16.3704, 8.9402, 1.05, 3.5501, 3.6601, 1.6099999999999999, 0.6900000000000001, 19.7592, 0.0, 1.46, 3.0701, 9.0802, 19.2698, 34.6987, 1.9500000000000002, 24.1091, 0.0, 0.0, 14.7103, 12.1903, 24.6591, 9.3096, 0.1, 0.14, 0.0, 0.0, 18.4193, 12.2803, 21.7592, 4.75, 20.07, 22.4199, 13.3, 4.1, 23.3799, 7.46, 4.8, 10.69, 3.01, 17.57, 18.43, 9.97, 19.34, 7.64, 3.49, 13.9, 8.5, 2.7199999999999998, 0.62, 10.75, 13.6, 10.31, 11.26, 15.73]","[None, None, None, None, None, None, None, None, None, None, None, None, None, None, None, None, None, None, None, None, None, None, None, None, None, None, None, None, None, None, None, None, None, None, None, None, None, None, None, None, None, None, None, None, None, None, None, None, None, None, None, None, None, None, None, None, None]","[-0.22, -0.02, 0.0, 0.0, 0.0, 0.0, 0.0, 0.0, 0.0, 0.0, -0.1, 0.0, 0.0, 0.0, -0.05, -0.04, -0.17, 0.0, -0.29, 0.0, 0.0, 0.0, 0.0, -0.24, 0.0, 0.0, 0.0, 0.0, 0.0, -0.15, 0.0, -0.17, -1.87, -0.07, -0.09, -0.07, -1.8599999999999999, -2.13, -1.06, -2.27, -0.19, -0.45, -0.21, -0.28, -0.16, -0.24, -0.13, -0.13, -2.49, -0.05, -0.05, -0.01, -0.03, -1.97, -0.03, -0.1, -0.05]","[0.032, 0.016, 0.013000000000000001, 0.023, 0.009000000000000001, 0.016, 0.007, 0.032, 0.015, 0.021, 0.028, 0.002, 0.017, 0.015, 0.023, 0.032, 0.042, 0.055, 0.09, -0.002, 0.005, -0.011, -0.01, 0.053, 0.01, -0.001, -0.007, -0.003, 0.0, 0.011, -0.007, 0.061, 0.008, 0.033, 0.036000000000000004, 0.028, 0.015, 0.036000000000000004, 0.019, 0.014, 0.033, 0.004, 0.01, 0.02, 0.01, 0.019, 0.012, -0.002, 0.014, 0.013000000000000001, 0.022, 0.014, 0.017, 0.009000000000000001, 0.001, 0.014, 0.015]","[0.076, 0.023, 0.031, 0.016, 0.034, 0.023, 0.024, 0.009000000000000001, 0.018000000000000002, 0.016, 0.043000000000000003, 0.01, 0.005, 0.01, 0.004, 0.012, 0.024, 0.001, 0.032, -0.002, -0.001, -0.007, -0.006, 0.039, 0.03, 0.0, -0.003, 0.003, 0.005, 0.037, -0.01, 0.065, 0.024, 0.054, 0.055, 0.047, 0.012, 0.02, 0.002, 0.008, 0.016, 0.009000000000000001, 0.009000000000000001, 0.014, -0.001, 0.016, 0.001, -0.004, 0.014, 0.011, 0.022, 0.015, 0.022, 0.018000000000000002, 0.011, 0.027, 0.019]","[0.033, 0.0172, 0.0134, 0.026500000000000003, 0.0076, 0.0184, 0.006, 0.039400000000000004, 0.0164, 0.0252, 0.0303, 0.0016, 0.0206, 0.0171, 0.0287, 0.0385, 0.0499, 0.0679, 0.1085, -0.0023, 0.0063, -0.013000000000000001, -0.0118, 0.062200000000000005, 0.0098, -0.0007, -0.008400000000000001, -0.004, -0.001, 0.010400000000000001, -0.008400000000000001, 0.0698, 0.0078000000000000005, 0.0356, 0.0403, 0.031100000000000003, 0.0181, 0.042800000000000005, 0.0228, 0.0166, 0.04, 0.0036000000000000003, 0.011, 0.0235, 0.0119, 0.0227, 0.015300000000000001, -0.0021000000000000003, 0.0161, 0.0151, 0.0253, 0.0154, 0.019700000000000002, 0.009000000000000001, 0.00030000000000000003, 0.014400000000000001, 0.016900000000000002]","[0.1296, 0.0648, 0.052700000000000004, 0.0932, 0.036500000000000005, 0.0648, 0.0284, 0.1296, 0.0608, 0.08510000000000001, 0.1134, 0.0081, 0.0689, 0.0608, 0.0932, 0.1296, 0.1701, 0.2228, 0.36460000000000004, -0.0081, 0.020300000000000002, -0.0446, -0.0405, 0.2147, 0.0405, -0.0041, -0.0284, -0.0122, 0.0, 0.0446, -0.0284, 0.24710000000000001, 0.0324, 0.1337, 0.1458, 0.1134, 0.0608, 0.1458, 0.077, 0.0567, 0.1337, 0.0162, 0.0405, 0.081, 0.0405, 0.077, 0.048600000000000004, -0.0081, 0.0567, 0.052700000000000004, 0.0891, 0.0567, 0.0689, 0.036500000000000005, 0.0041, 0.0567, 0.0608]","[-0.7679, -0.23240000000000002, -0.31320000000000003, -0.1617, -0.3435, -0.23240000000000002, -0.24250000000000002, -0.09090000000000001, -0.1819, -0.1617, -0.4344, -0.101, -0.0505, -0.101, -0.040400000000000005, -0.1212, -0.24250000000000002, -0.010100000000000001, -0.32330000000000003, 0.020200000000000003, 0.010100000000000001, 0.0707, 0.0606, -0.394, -0.30310000000000004, 0.0, 0.0303, -0.0303, -0.0505, -0.3738, 0.101, -0.6567000000000001, -0.24250000000000002, -0.5456, -0.5557, -0.47490000000000004, -0.1212, -0.2021, -0.020200000000000003, -0.08080000000000001, -0.1617, -0.09090000000000001, -0.09090000000000001, -0.1414, 0.010100000000000001, -0.1617, -0.010100000000000001, 0.040400000000000005, -0.1414, -0.1111, -0.2223, -0.1516, -0.2223, -0.1819, -0.1111, -0.2728, -0.192]",8.0151,-10.6955,-2.6804,10.1034,3.9814,14.0789,598.0846,-73.27,-17.5
Vardenafil+,,"[-0.1336, -0.07740000000000001, -0.1, -0.034800000000000005, -0.027700000000000002, 0.0015, -0.1383, -0.0574, 0.11080000000000001, 0.0679, -0.0424, -0.0184, 0.0297, -0.013800000000000002, 0.0089, -0.15860000000000002, 0.9115000000000001, -0.362, -0.1047, -0.0743, -0.028300000000000002, 0.2341, -0.020200000000000003, -0.0684, -0.0359, -0.0969, -0.38720000000000004, -0.0092, -0.020200000000000003, -0.0252, -0.1179, -0.0437, -0.0575, -0.177, 0.0584, 0.057300000000000004, 0.045700000000000005, 0.0368, 0.058300000000000005, 0.0708, 0.0509, 0.0669, 0.0665, 0.0659, 0.054200000000000005, 0.0618, 0.0711, 0.0712, 0.0767, 0.0771, 0.0728, 0.0064, 0.0721, 0.0781, 0.0796, 0.0572, 0.07150000000000001, 0.0668, 0.064, 0.0682, 0.0786, 0.0596, 0.0645, 0.0534, 0.052700000000000004, 0.061900000000000004, 0.0694]","[16.8204, 3.7901, 4.3301, 4.6601, 18.5798, 6.1001, 18.3504, 6.9002, 1.97, 3.19, 7.6202000000000005, 4.9401, 5.1401, 8.6602, 12.7203, 2.9001, 0.87, 16.1194, 3.33, 7.4502, 4.5301, 0.0, 4.5701, 5.2101, 3.8001, 15.2504, 31.6688, 5.7201, 1.8599, 6.6602, 16.4404, 4.29, 9.3102, 29.0789, 22.3499, 19.12, 11.79, 10.12, 18.04, 15.26, 8.91, 21.6999, 9.97, 21.4299, 0.0, 9.78, 15.17, 11.4, 16.52, 13.25, 15.28, 0.0, 13.7, 4.77, 18.81, 0.47000000000000003, 15.5, 15.87, 8.13, 12.46, 22.0699, 2.2, 9.95, 14.26, 12.16, 19.89, 22.1199]","[None, None, None, None, None, None, None, None, None, None, None, None, None, None, None, None, None, None, None, None, None, None, None, None, None, None, None, None, None, None, None, None, None, None, None, None, None, None, None, None, None, None, None, None, None, None, None, None, None, None, None, None, None, None, None, None, None, None, None, None, None, None, None, None, None, None, None]","[0.0, 0.0, 0.0, 0.0, -0.06, 0.0, 0.0, 0.0, 0.0, 0.0, -0.02, 0.0, 0.0, 0.0, 0.0, 0.0, 0.0, -0.26, 0.0, 0.0, 0.0, 0.0, 0.0, 0.0, 0.0, 0.0, -0.47000000000000003, 0.0, 0.0, 0.0, 0.0, 0.0, -0.05, -0.45, -0.05, -0.04, -0.04, -0.02, -0.03, -0.11, -0.05, -0.13, -0.06, -0.13, -0.08, -0.12, -0.18, -0.11, -0.22, -0.13, -0.23, 0.0, -0.2, -0.11, -0.25, -0.02, -0.16, -0.19, -0.07, -0.06, -0.15, -0.06, -0.09, -0.07, -0.06, -0.1, -0.11]","[-0.006, -0.001, -0.006, 0.014, 0.042, 0.02, -0.012, 0.001, 0.003, 0.036000000000000004, 0.034, 0.041, 0.037, 0.02, 0.06, 0.014, 0.046, 0.015, 0.003, -0.007, -0.007, 0.001, -0.004, -0.002, -0.005, -0.002, 0.022, 0.02, 0.032, -0.011, -0.008, 0.048, 0.018000000000000002, 0.078, 0.012, 0.012, 0.002, -0.007, 0.01, 0.021, 0.008, 0.026000000000000002, 0.011, 0.026000000000000002, 0.027, 0.053, 0.061, 0.009000000000000001, 0.017, 0.01, 0.016, -0.004, 0.015, 0.002, 0.013000000000000001, -0.018000000000000002, 0.01, 0.01, -0.004, -0.003, 0.012, 0.039, 0.025, 0.016, 0.001, 0.011, 0.025]","[-0.009000000000000001, 0.001, -0.005, 0.026000000000000002, 0.084, 0.031, -0.013000000000000001, 0.038, 0.032, 0.023, 0.01, -0.004, 0.007, 0.008, 0.011, 0.005, 0.021, 0.01, 0.023, -0.006, -0.003, 0.001, -0.002, -0.003, -0.004, -0.001, 0.015, 0.004, 0.001, -0.005, -0.005, 0.073, 0.008, 0.093, 0.036000000000000004, 0.022, 0.019, 0.013000000000000001, 0.019, 0.031, 0.035, 0.061, 0.036000000000000004, 0.063, 0.032, 0.022, 0.022, 0.012, 0.015, 0.011, 0.014, -0.002, 0.012, 0.0, 0.014, -0.008, 0.009000000000000001, 0.008, -0.006, -0.001, 0.009000000000000001, 0.001, 0.005, 0.012, 0.005, 0.001, 0.014]","[-0.0057, -0.0011, -0.006900000000000001, 0.0145, 0.0432, 0.0204, -0.0132, 0.0004, 0.0028, 0.0392, 0.0369, 0.0456, 0.0403, 0.0216, 0.0648, 0.0146, 0.0492, 0.015600000000000001, 0.0025, -0.006900000000000001, -0.0076, 0.0011, -0.0043, -0.0016, -0.0048000000000000004, -0.0027, 0.023100000000000002, 0.0218, 0.0356, -0.0119, -0.0091, 0.0507, 0.0195, 0.0829, 0.012, 0.012400000000000001, 0.0021000000000000003, -0.0081, 0.0109, 0.022, 0.0081, 0.027, 0.0103, 0.025900000000000003, 0.028, 0.0568, 0.0666, 0.0089, 0.0181, 0.010100000000000001, 0.0171, -0.0043, 0.0166, 0.0022, 0.0132, -0.0195, 0.0112, 0.010700000000000001, -0.004200000000000001, -0.0033, 0.0134, 0.0427, 0.027200000000000002, 0.0171, 0.0009000000000000001, 0.012, 0.0275]","[-0.021, -0.0035, -0.021, 0.049, 0.1471, 0.07, -0.042, 0.0035, 0.0105, 0.12610000000000002, 0.11910000000000001, 0.1436, 0.1296, 0.07, 0.2101, 0.049, 0.16110000000000002, 0.052500000000000005, 0.0105, -0.0245, -0.0245, 0.0035, -0.014, -0.007, -0.0175, -0.007, 0.077, 0.07, 0.112, -0.0385, -0.028, 0.1681, 0.063, 0.2731, 0.042, 0.042, 0.007, -0.0245, 0.035, 0.07350000000000001, 0.028, 0.091, 0.0385, 0.091, 0.0945, 0.18560000000000001, 0.2136, 0.0315, 0.059500000000000004, 0.035, 0.056, -0.014, 0.052500000000000005, 0.007, 0.0455, -0.063, 0.035, 0.035, -0.014, -0.0105, 0.042, 0.1366, 0.08750000000000001, 0.056, 0.0035, 0.0385, 0.08750000000000001]","[0.0872, -0.0097, 0.0485, -0.252, -0.8142, -0.3005, 0.126, -0.3683, -0.31020000000000003, -0.22290000000000001, -0.0969, 0.0388, -0.0678, -0.0775, -0.1066, -0.0485, -0.20350000000000001, -0.0969, -0.22290000000000001, 0.0582, 0.0291, -0.0097, 0.0194, 0.0291, 0.0388, 0.0097, -0.1454, -0.0388, -0.0097, 0.0485, 0.0485, -0.7076, -0.0775, -0.9014000000000001, -0.34890000000000004, -0.2132, -0.1842, -0.126, -0.1842, -0.3005, -0.3392, -0.5913, -0.34890000000000004, -0.6106, -0.31020000000000003, -0.2132, -0.2132, -0.1163, -0.1454, -0.1066, -0.13570000000000002, 0.0194, -0.1163, 0.0, -0.13570000000000002, 0.0775, -0.0872, -0.0775, 0.0582, 0.0097, -0.0872, -0.0097, -0.0485, -0.1163, -0.0485, -0.0097, -0.13570000000000002]",6.598,-10.0893,-3.4913,9.6927,3.4894,14.5738,725.2799,-65.38,-4.89
Yohimbine+,,"[-0.0296, -0.0654, 0.0857, -0.0152, -0.0262, -0.029500000000000002, -0.0275, -0.014700000000000001, -0.048400000000000006, -0.0375, -0.0741, -0.0222, 0.2217, -0.021400000000000002, -0.0475, -0.0785, -0.0726, -0.0146, -0.041, -0.0611, -0.0674, -0.020800000000000003, -0.0176, -0.0558, -0.1312, -0.0703, 0.0724, 0.0751, 0.0475, 0.050800000000000005, 0.0522, 0.049, 0.082, 0.0654, 0.07640000000000001, 0.07930000000000001, 0.1022, 0.0782, 0.0736, 0.0664, 0.0591, 0.050300000000000004, 0.0654, 0.0604, 0.0589, 0.0682, 0.0472, 0.06810000000000001, 0.0675, 0.0641, 0.0659, 0.0699, 0.0671]","[0.02, 2.6001000000000003, 5.5199, 7.0102, 5.5201, 14.4803, 16.2104, 16.3104, 16.2604, 2.3001, 3.4901, 5.5501000000000005, 0.0, 3.2001, 0.16, 3.7401, 5.4601, 0.1, 0.0, 0.0, 1.24, 2.13, 1.8299, 18.5504, 34.1287, 13.7195, 13.82, 15.18, 16.49, 22.2699, 22.3599, 20.45, 16.29, 13.62, 17.63, 16.0, 6.74, 7.49, 9.62, 10.21, 17.79, 10.77, 18.32, 15.99, 14.15, 11.28, 1.94, 8.57, 5.18, 22.4499, 18.77, 17.36, 21.1]","[None, None, None, None, None, None, None, None, None, None, None, None, None, None, None, None, None, None, None, None, None, None, None, None, None, None, None, None, None, None, None, None, None, None, None, None, None, None, None, None, None, None, None, None, None, None, None, None, None, None, None, None, None]","[0.0, 0.0, 0.0, 0.0, 0.0, 0.0, 0.0, 0.0, 0.0, 0.0, 0.0, 0.0, 0.0, 0.0, 0.0, 0.0, 0.0, 0.0, 0.0, 0.0, 0.0, 0.0, 0.0, 0.0, -0.43, -0.16, -0.17, -0.72, -0.02, -0.01, -0.01, -0.02, -0.11, -0.09, -0.23, -0.2, -0.52, -0.11, -0.14, -0.06, -0.06, -0.05, -0.05, -0.04, 0.0, -0.07, -0.03, -0.06, -0.04, -0.28, -0.11, -0.1, -2.98]","[-0.003, 0.053, 0.028, 0.011, 0.017, 0.042, 0.018000000000000002, 0.033, 0.037, 0.04, -0.01, -0.01, 0.0, -0.006, -0.001, -0.006, -0.005, 0.001, -0.002, -0.002, -0.003, 0.049, 0.041, -0.017, 0.094, -0.003, 0.029, 0.033, 0.052000000000000005, 0.052000000000000005, 0.055, 0.05, 0.027, 0.028, 0.027, 0.013000000000000001, 0.016, -0.003, 0.018000000000000002, 0.009000000000000001, 0.016, 0.009000000000000001, 0.02, 0.011, 0.012, 0.024, 0.011, 0.007, 0.006, 0.023, 0.018000000000000002, 0.021, 0.015]","[-0.004, 0.029, 0.042, 0.01, 0.013000000000000001, 0.041, 0.021, 0.028, 0.04, 0.045, -0.009000000000000001, -0.009000000000000001, -0.001, -0.006, -0.001, -0.007, 0.002, 0.0, 0.006, 0.0, -0.004, 0.003, 0.019, -0.011, 0.069, 0.035, 0.026000000000000002, 0.035, 0.049, 0.05, 0.051000000000000004, 0.049, 0.032, 0.035, 0.025, 0.015, 0.014, -0.001, 0.017, 0.012, 0.027, 0.012, 0.027, 0.021, 0.033, 0.018000000000000002, 0.011, 0.007, 0.012, 0.018000000000000002, 0.013000000000000001, 0.014, 0.024]","[-0.002, 0.039400000000000004, 0.023100000000000002, 0.0081, 0.0129, 0.033100000000000004, 0.014700000000000001, 0.0258, 0.0296, 0.0313, -0.0073, -0.0073, -0.0005, -0.0047, -0.0008, -0.0044, -0.0037, 0.00030000000000000003, -0.0009000000000000001, -0.0014, -0.0028, 0.0344, 0.0302, -0.0128, 0.0717, 0.0009000000000000001, 0.0228, 0.026000000000000002, 0.0408, 0.0405, 0.0427, 0.039400000000000004, 0.0211, 0.0229, 0.020900000000000002, 0.0103, 0.0123, -0.0022, 0.013600000000000001, 0.006900000000000001, 0.0131, 0.0077, 0.0158, 0.0095, 0.011600000000000001, 0.0183, 0.0086, 0.0055000000000000005, 0.005200000000000001, 0.0179, 0.013300000000000001, 0.0162, 0.0129]","[-0.0073, 0.1285, 0.0679, 0.0267, 0.0412, 0.1019, 0.0437, 0.08, 0.0897, 0.097, -0.024300000000000002, -0.024300000000000002, 0.0, -0.0146, -0.0024000000000000002, -0.0146, -0.012100000000000001, 0.0024000000000000002, -0.0049, -0.0049, -0.0073, 0.1188, 0.0994, -0.0412, 0.228, -0.0073, 0.0703, 0.08, 0.12610000000000002, 0.12610000000000002, 0.13340000000000002, 0.1213, 0.0655, 0.0679, 0.0655, 0.0315, 0.0388, -0.0073, 0.0437, 0.0218, 0.0388, 0.0218, 0.0485, 0.0267, 0.0291, 0.0582, 0.0267, 0.017, 0.0146, 0.0558, 0.0437, 0.0509, 0.0364]","[0.0407, -0.295, -0.4273, -0.1017, -0.1322, -0.4171, -0.2136, -0.2848, -0.40690000000000004, -0.45780000000000004, 0.0916, 0.0916, 0.0102, 0.061, 0.0102, 0.0712, -0.020300000000000002, 0.0, -0.061, 0.0, 0.0407, -0.030500000000000003, -0.1933, 0.1119, -0.7019000000000001, -0.3561, -0.2645, -0.3561, -0.4985, -0.5087, -0.5188, -0.4985, -0.3255, -0.3561, -0.2543, -0.1526, -0.1424, 0.0102, -0.1729, -0.1221, -0.2747, -0.1221, -0.2747, -0.2136, -0.3357, -0.1831, -0.1119, -0.0712, -0.1221, -0.1831, -0.1322, -0.1424, -0.2442]",8.5644,-10.6686,-2.1042,10.173,2.2364,5.6504,571.37,-65.77,-6.78
